file,alpha,coverage_target,delta,epsilon_train_target,epsilon_cal,num_bins,cal_size,train_size,seed,device,nominal_coverage,label_smoothing,np_accuracy,np_coverage,np_avg_set_size,np_tau,dp_accuracy,epsilon_train_realized,noise_multiplier,tau_nonprivate_cal,test_coverage_nonprivate_cal,dp_avg_set_size_nonprivate_cal,epsilon_total_basic_composition,beta,coverage_lower_bound_formal,tau_dp_cal,test_coverage_dp_cal,avg_set_size_dp_cal,lambda,noise_scale,k,coverage_bound_formal_ok,privacy_training_ok,coverage_empirical_ok,overall_formal_ok,overall_empirical_ok,empirical_margin_to_bound,empirical_margin_to_target,empirical_margin_to_nominal
report_traineps_4.0_caleps_4.0_calsize_2000_nomcov_0.45_target_0.4_beta_0.001_lsmooth_0.5_seed_0.json,0.55,0.4,1e-05,4.0,4.0,50,2000,48000,0,cuda,0.45,0.5,0.398,0.601,3.0802,0.08953453600406647,0.1188,3.9932332188719033,0.5584716796875,0.16859430074691772,0.4763,10.8927,7.993233218871904,0.001,0.44899999999999995,0.22,0.5453,14.6577,135.24722855512854,12.5,901,True,True,True,True,True,0.09630000000000005,0.14529999999999998,0.0953
report_traineps_4.0_caleps_4.0_calsize_2000_nomcov_0.45_target_0.4_beta_0.001_lsmooth_0.5_seed_1.json,0.55,0.4,1e-05,4.0,4.0,50,2000,48000,1,cuda,0.45,0.5,0.3981,0.5924,3.0218,0.08558520674705505,0.126,3.9932332188719033,0.5584716796875,0.1669224053621292,0.4694,10.7277,7.993233218871904,0.001,0.44899999999999995,0.22,0.5414,14.5941,135.24722855512854,12.5,901,True,True,True,True,True,0.09240000000000004,0.14139999999999997,0.09139999999999998
report_traineps_4.0_caleps_4.0_calsize_2000_nomcov_0.45_target_0.5_beta_0.001_lsmooth_0.5_seed_0.json,0.55,0.5,1e-05,4.0,4.0,50,2000,48000,0,cuda,0.45,0.5,0.3947,0.6029,3.1982,0.09281443804502487,0.1188,3.9932332188719033,0.5584716796875,0.16859430074691772,0.4763,10.8927,7.993233218871904,0.001,0.44899999999999995,0.22,0.5453,14.6577,135.24722855512854,12.5,901,False,True,True,False,True,0.09630000000000005,0.04530000000000001,0.0953
report_traineps_4.0_caleps_4.0_calsize_2000_nomcov_0.45_target_0.5_beta_0.001_lsmooth_0.5_seed_1.json,0.55,0.5,1e-05,4.0,4.0,50,2000,48000,1,cuda,0.45,0.5,0.3996,0.6005,3.0207,0.08604075014591217,0.126,3.9932332188719033,0.5584716796875,0.1669224053621292,0.4694,10.7277,7.993233218871904,0.001,0.44899999999999995,0.22,0.5414,14.5941,135.24722855512854,12.5,901,False,True,True,False,True,0.09240000000000004,0.04139999999999999,0.09139999999999998
report_traineps_4.0_caleps_4.0_calsize_2000_nomcov_0.45_target_0.6_beta_0.001_lsmooth_0.5_seed_0.json,0.55,0.6,1e-05,4.0,4.0,50,2000,48000,0,cuda,0.45,0.5,0.3958,0.6022,3.2368,0.09385316073894501,0.1188,3.9932332188719033,0.5584716796875,0.16859430074691772,0.4763,10.8927,7.993233218871904,0.001,0.44899999999999995,0.22,0.5453,14.6577,135.24722855512854,12.5,901,False,True,False,False,False,0.09630000000000005,-0.05469999999999997,0.0953
report_traineps_4.0_caleps_4.0_calsize_2000_nomcov_0.45_target_0.6_beta_0.001_lsmooth_0.5_seed_1.json,0.55,0.6,1e-05,4.0,4.0,50,2000,48000,1,cuda,0.45,0.5,0.403,0.6009,3.0385,0.08737838268280029,0.126,3.9932332188719033,0.5584716796875,0.1669224053621292,0.4694,10.7277,7.993233218871904,0.001,0.44899999999999995,0.22,0.5414,14.5941,135.24722855512854,12.5,901,False,True,False,False,False,0.09240000000000004,-0.058599999999999985,0.09139999999999998
report_traineps_4.0_caleps_4.0_calsize_2000_nomcov_0.45_target_0.7_beta_0.001_lsmooth_0.5_seed_0.json,0.55,0.7,1e-05,4.0,4.0,50,2000,48000,0,cuda,0.45,0.5,0.3879,0.5994,3.1883,0.09203894436359406,0.1188,3.9932332188719033,0.5584716796875,0.16859430074691772,0.4763,10.8927,7.993233218871904,0.001,0.44899999999999995,0.22,0.5453,14.6577,135.24722855512854,12.5,901,False,True,False,False,False,0.09630000000000005,-0.15469999999999995,0.0953
report_traineps_4.0_caleps_4.0_calsize_2000_nomcov_0.45_target_0.7_beta_0.001_lsmooth_0.5_seed_1.json,0.55,0.7,1e-05,4.0,4.0,50,2000,48000,1,cuda,0.45,0.5,0.3995,0.595,3.0399,0.08848845213651657,0.126,3.9932332188719033,0.5584716796875,0.1669224053621292,0.4694,10.7277,7.993233218871904,0.001,0.44899999999999995,0.22,0.5414,14.5941,135.24722855512854,12.5,901,False,True,False,False,False,0.09240000000000004,-0.15859999999999996,0.09139999999999998
report_traineps_4.0_caleps_4.0_calsize_2000_nomcov_0.45_target_0.8_beta_0.001_lsmooth_0.5_seed_0.json,0.55,0.8,1e-05,4.0,4.0,50,2000,48000,0,cuda,0.45,0.5,0.392,0.6065,3.2256,0.09325116127729416,0.1188,3.9932332188719033,0.5584716796875,0.16859430074691772,0.4763,10.8927,7.993233218871904,0.001,0.44899999999999995,0.22,0.5453,14.6577,135.24722855512854,12.5,901,False,True,False,False,False,0.09630000000000005,-0.25470000000000004,0.0953
report_traineps_4.0_caleps_4.0_calsize_2000_nomcov_0.45_target_0.8_beta_0.001_lsmooth_0.5_seed_1.json,0.55,0.8,1e-05,4.0,4.0,50,2000,48000,1,cuda,0.45,0.5,0.4054,0.592,2.9785,0.08358578383922577,0.126,3.9932332188719033,0.5584716796875,0.1669224053621292,0.4694,10.7277,7.993233218871904,0.001,0.44899999999999995,0.22,0.5414,14.5941,135.24722855512854,12.5,901,False,True,False,False,False,0.09240000000000004,-0.25860000000000005,0.09139999999999998
report_traineps_4.0_caleps_4.0_calsize_2000_nomcov_0.45_target_0.9_beta_0.001_lsmooth_0.5_seed_0.json,0.55,0.9,1e-05,4.0,4.0,50,2000,48000,0,cuda,0.45,0.5,0.39,0.5926,3.1549,0.08904922008514404,0.1188,3.9932332188719033,0.5584716796875,0.16859430074691772,0.4763,10.8927,7.993233218871904,0.001,0.44899999999999995,0.22,0.5453,14.6577,135.24722855512854,12.5,901,False,True,False,False,False,0.09630000000000005,-0.3547,0.0953
report_traineps_4.0_caleps_4.0_calsize_2000_nomcov_0.45_target_0.9_beta_0.001_lsmooth_0.5_seed_1.json,0.55,0.9,1e-05,4.0,4.0,50,2000,48000,1,cuda,0.45,0.5,0.4017,0.6021,3.0548,0.08600524067878723,0.126,3.9932332188719033,0.5584716796875,0.1669224053621292,0.4694,10.7277,7.993233218871904,0.001,0.44899999999999995,0.22,0.5414,14.5941,135.24722855512854,12.5,901,False,True,False,False,False,0.09240000000000004,-0.35860000000000003,0.09139999999999998
report_traineps_4.0_caleps_4.0_calsize_2000_nomcov_0.55_target_0.4_beta_0.001_lsmooth_0.5_seed_0.json,0.44999999999999996,0.4,1e-05,4.0,4.0,50,2000,48000,0,cuda,0.55,0.5,0.3935,0.6496,4.0802,0.11580902338027954,0.1188,3.9932332188719033,0.5584716796875,0.24329587817192078,0.5726,16.4325,7.993233218871904,0.001,0.549,0.32,0.652,22.5892,135.24722855512854,12.5,1101,True,True,True,True,True,0.10299999999999998,0.252,0.10199999999999998
report_traineps_4.0_caleps_4.0_calsize_2000_nomcov_0.55_target_0.4_beta_0.001_lsmooth_0.5_seed_1.json,0.44999999999999996,0.4,1e-05,4.0,4.0,50,2000,48000,1,cuda,0.55,0.5,0.4019,0.6397,3.8595,0.10637053102254868,0.126,3.9932332188719033,0.5584716796875,0.2349848449230194,0.5598,15.7352,7.993233218871904,0.001,0.549,0.3,0.6372,20.8492,135.24722855512854,12.5,1101,True,True,True,True,True,0.08819999999999995,0.23719999999999997,0.08719999999999994
report_traineps_4.0_caleps_4.0_calsize_2000_nomcov_0.55_target_0.5_beta_0.001_lsmooth_0.5_seed_0.json,0.44999999999999996,0.5,1e-05,4.0,4.0,50,2000,48000,0,cuda,0.55,0.5,0.397,0.6479,4.0544,0.11621543020009995,0.1188,3.9932332188719033,0.5584716796875,0.24329587817192078,0.5726,16.4325,7.993233218871904,0.001,0.549,0.32,0.652,22.5892,135.24722855512854,12.5,1101,True,True,True,True,True,0.10299999999999998,0.15200000000000002,0.10199999999999998
report_traineps_4.0_caleps_4.0_calsize_2000_nomcov_0.55_target_0.5_beta_0.001_lsmooth_0.5_seed_1.json,0.44999999999999996,0.5,1e-05,4.0,4.0,50,2000,48000,1,cuda,0.55,0.5,0.4027,0.641,3.8365,0.10850954055786133,0.126,3.9932332188719033,0.5584716796875,0.2349848449230194,0.5598,15.7352,7.993233218871904,0.001,0.549,0.3,0.6372,20.8492,135.24722855512854,12.5,1101,True,True,True,True,True,0.08819999999999995,0.1372,0.08719999999999994
report_traineps_4.0_caleps_4.0_calsize_2000_nomcov_0.55_target_0.6_beta_0.001_lsmooth_0.5_seed_0.json,0.44999999999999996,0.6,1e-05,4.0,4.0,50,2000,48000,0,cuda,0.55,0.5,0.3976,0.6539,4.1692,0.11843924224376678,0.1188,3.9932332188719033,0.5584716796875,0.24329587817192078,0.5726,16.4325,7.993233218871904,0.001,0.549,0.32,0.652,22.5892,135.24722855512854,12.5,1101,False,True,True,False,True,0.10299999999999998,0.052000000000000046,0.10199999999999998
report_traineps_4.0_caleps_4.0_calsize_2000_nomcov_0.55_target_0.6_beta_0.001_lsmooth_0.5_seed_1.json,0.44999999999999996,0.6,1e-05,4.0,4.0,50,2000,48000,1,cuda,0.55,0.5,0.4018,0.6448,3.896,0.1080750972032547,0.126,3.9932332188719033,0.5584716796875,0.2349848449230194,0.5598,15.7352,7.993233218871904,0.001,0.549,0.3,0.6372,20.8492,135.24722855512854,12.5,1101,False,True,True,False,True,0.08819999999999995,0.03720000000000001,0.08719999999999994
report_traineps_4.0_caleps_4.0_calsize_2000_nomcov_0.55_target_0.7_beta_0.001_lsmooth_0.5_seed_0.json,0.44999999999999996,0.7,1e-05,4.0,4.0,50,2000,48000,0,cuda,0.55,0.5,0.3914,0.6453,4.1275,0.11621339619159698,0.1188,3.9932332188719033,0.5584716796875,0.24329587817192078,0.5726,16.4325,7.993233218871904,0.001,0.549,0.32,0.652,22.5892,135.24722855512854,12.5,1101,False,True,False,False,False,0.10299999999999998,-0.04799999999999993,0.10199999999999998
report_traineps_4.0_caleps_4.0_calsize_2000_nomcov_0.55_target_0.7_beta_0.001_lsmooth_0.5_seed_1.json,0.44999999999999996,0.7,1e-05,4.0,4.0,50,2000,48000,1,cuda,0.55,0.5,0.3967,0.6384,3.8718,0.10720127820968628,0.126,3.9932332188719033,0.5584716796875,0.2349848449230194,0.5598,15.7352,7.993233218871904,0.001,0.549,0.3,0.6372,20.8492,135.24722855512854,12.5,1101,False,True,False,False,False,0.08819999999999995,-0.06279999999999997,0.08719999999999994
report_traineps_4.0_caleps_4.0_calsize_2000_nomcov_0.55_target_0.8_beta_0.001_lsmooth_0.5_seed_0.json,0.44999999999999996,0.8,1e-05,4.0,4.0,50,2000,48000,0,cuda,0.55,0.5,0.388,0.6492,4.0511,0.11478978395462036,0.1188,3.9932332188719033,0.5584716796875,0.24329587817192078,0.5726,16.4325,7.993233218871904,0.001,0.549,0.32,0.652,22.5892,135.24722855512854,12.5,1101,False,True,False,False,False,0.10299999999999998,-0.14800000000000002,0.10199999999999998
report_traineps_4.0_caleps_4.0_calsize_2000_nomcov_0.55_target_0.8_beta_0.001_lsmooth_0.5_seed_1.json,0.44999999999999996,0.8,1e-05,4.0,4.0,50,2000,48000,1,cuda,0.55,0.5,0.3995,0.6429,3.8834,0.10638122260570526,0.126,3.9932332188719033,0.5584716796875,0.2349848449230194,0.5598,15.7352,7.993233218871904,0.001,0.549,0.3,0.6372,20.8492,135.24722855512854,12.5,1101,False,True,False,False,False,0.08819999999999995,-0.16280000000000006,0.08719999999999994
report_traineps_4.0_caleps_4.0_calsize_2000_nomcov_0.55_target_0.9_beta_0.001_lsmooth_0.5_seed_0.json,0.44999999999999996,0.9,1e-05,4.0,4.0,50,2000,48000,0,cuda,0.55,0.5,0.3934,0.649,4.1726,0.11739800870418549,0.1188,3.9932332188719033,0.5584716796875,0.24329587817192078,0.5726,16.4325,7.993233218871904,0.001,0.549,0.32,0.652,22.5892,135.24722855512854,12.5,1101,False,True,False,False,False,0.10299999999999998,-0.248,0.10199999999999998
report_traineps_4.0_caleps_4.0_calsize_2000_nomcov_0.55_target_0.9_beta_0.001_lsmooth_0.5_seed_1.json,0.44999999999999996,0.9,1e-05,4.0,4.0,50,2000,48000,1,cuda,0.55,0.5,0.4006,0.6425,3.8062,0.10768425464630127,0.126,3.9932332188719033,0.5584716796875,0.2349848449230194,0.5598,15.7352,7.993233218871904,0.001,0.549,0.3,0.6372,20.8492,135.24722855512854,12.5,1101,False,True,False,False,False,0.08819999999999995,-0.26280000000000003,0.08719999999999994
report_traineps_4.0_caleps_4.0_calsize_2000_nomcov_0.65_target_0.4_beta_0.001_lsmooth_0.5_seed_0.json,0.35,0.4,1e-05,4.0,4.0,50,2000,48000,0,cuda,0.65,0.5,0.3972,0.6956,5.4251,0.14627644419670105,0.1188,3.9932332188719033,0.5584716796875,0.32886865735054016,0.6594,23.3264,7.993233218871904,0.001,0.649,0.42,0.7371,31.2479,135.24722855512854,12.5,1301,True,True,True,True,True,0.08809999999999996,0.33709999999999996,0.08709999999999996
report_traineps_4.0_caleps_4.0_calsize_2000_nomcov_0.65_target_0.4_beta_0.001_lsmooth_0.5_seed_1.json,0.35,0.4,1e-05,4.0,4.0,50,2000,48000,1,cuda,0.65,0.5,0.4042,0.6983,5.3011,0.14120084047317505,0.126,3.9932332188719033,0.5584716796875,0.323230504989624,0.661,22.7521,7.993233218871904,0.001,0.649,0.38,0.7114,27.5636,135.24722855512854,12.5,1301,True,True,True,True,True,0.06240000000000001,0.3114,0.06140000000000001
report_traineps_4.0_caleps_4.0_calsize_2000_nomcov_0.65_target_0.5_beta_0.001_lsmooth_0.5_seed_0.json,0.35,0.5,1e-05,4.0,4.0,50,2000,48000,0,cuda,0.65,0.5,0.3982,0.6947,5.2802,0.1391286998987198,0.1188,3.9932332188719033,0.5584716796875,0.32886865735054016,0.6594,23.3264,7.993233218871904,0.001,0.649,0.42,0.7371,31.2479,135.24722855512854,12.5,1301,True,True,True,True,True,0.08809999999999996,0.23709999999999998,0.08709999999999996
report_traineps_4.0_caleps_4.0_calsize_2000_nomcov_0.65_target_0.5_beta_0.001_lsmooth_0.5_seed_1.json,0.35,0.5,1e-05,4.0,4.0,50,2000,48000,1,cuda,0.65,0.5,0.398,0.6975,5.2948,0.14086966216564178,0.126,3.9932332188719033,0.5584716796875,0.323230504989624,0.661,22.7521,7.993233218871904,0.001,0.649,0.38,0.7114,27.5636,135.24722855512854,12.5,1301,True,True,True,True,True,0.06240000000000001,0.21140000000000003,0.06140000000000001
report_traineps_4.0_caleps_4.0_calsize_2000_nomcov_0.65_target_0.6_beta_0.001_lsmooth_0.5_seed_0.json,0.35,0.6,1e-05,4.0,4.0,50,2000,48000,0,cuda,0.65,0.5,0.3961,0.6976,5.5573,0.14998340606689453,0.1188,3.9932332188719033,0.5584716796875,0.32886865735054016,0.6594,23.3264,7.993233218871904,0.001,0.649,0.42,0.7371,31.2479,135.24722855512854,12.5,1301,True,True,True,True,True,0.08809999999999996,0.1371,0.08709999999999996
report_traineps_4.0_caleps_4.0_calsize_2000_nomcov_0.65_target_0.6_beta_0.001_lsmooth_0.5_seed_1.json,0.35,0.6,1e-05,4.0,4.0,50,2000,48000,1,cuda,0.65,0.5,0.3988,0.6957,5.1188,0.13567495346069336,0.126,3.9932332188719033,0.5584716796875,0.323230504989624,0.661,22.7521,7.993233218871904,0.001,0.649,0.38,0.7114,27.5636,135.24722855512854,12.5,1301,True,True,True,True,True,0.06240000000000001,0.11140000000000005,0.06140000000000001
report_traineps_4.0_caleps_4.0_calsize_2000_nomcov_0.65_target_0.7_beta_0.001_lsmooth_0.5_seed_0.json,0.35,0.7,1e-05,4.0,4.0,50,2000,48000,0,cuda,0.65,0.5,0.3927,0.7015,5.52,0.14902281761169434,0.1188,3.9932332188719033,0.5584716796875,0.32886865735054016,0.6594,23.3264,7.993233218871904,0.001,0.649,0.42,0.7371,31.2479,135.24722855512854,12.5,1301,False,True,True,False,True,0.08809999999999996,0.03710000000000002,0.08709999999999996
report_traineps_4.0_caleps_4.0_calsize_2000_nomcov_0.65_target_0.7_beta_0.001_lsmooth_0.5_seed_1.json,0.35,0.7,1e-05,4.0,4.0,50,2000,48000,1,cuda,0.65,0.5,0.4006,0.6976,5.3496,0.14291119575500488,0.126,3.9932332188719033,0.5584716796875,0.323230504989624,0.661,22.7521,7.993233218871904,0.001,0.649,0.38,0.7114,27.5636,135.24722855512854,12.5,1301,False,True,True,False,True,0.06240000000000001,0.011400000000000077,0.06140000000000001
report_traineps_4.0_caleps_4.0_calsize_2000_nomcov_0.65_target_0.8_beta_0.001_lsmooth_0.5_seed_0.json,0.35,0.8,1e-05,4.0,4.0,50,2000,48000,0,cuda,0.65,0.5,0.3951,0.7022,5.4232,0.1468578577041626,0.1188,3.9932332188719033,0.5584716796875,0.32886865735054016,0.6594,23.3264,7.993233218871904,0.001,0.649,0.42,0.7371,31.2479,135.24722855512854,12.5,1301,False,True,False,False,False,0.08809999999999996,-0.06290000000000007,0.08709999999999996
report_traineps_4.0_caleps_4.0_calsize_2000_nomcov_0.65_target_0.8_beta_0.001_lsmooth_0.5_seed_1.json,0.35,0.8,1e-05,4.0,4.0,50,2000,48000,1,cuda,0.65,0.5,0.3962,0.6913,5.4095,0.14067292213439941,0.126,3.9932332188719033,0.5584716796875,0.323230504989624,0.661,22.7521,7.993233218871904,0.001,0.649,0.38,0.7114,27.5636,135.24722855512854,12.5,1301,False,True,False,False,False,0.06240000000000001,-0.08860000000000001,0.06140000000000001
report_traineps_4.0_caleps_4.0_calsize_2000_nomcov_0.65_target_0.9_beta_0.001_lsmooth_0.5_seed_0.json,0.35,0.9,1e-05,4.0,4.0,50,2000,48000,0,cuda,0.65,0.5,0.3932,0.6981,5.4164,0.14801335334777832,0.1188,3.9932332188719033,0.5584716796875,0.32886865735054016,0.6594,23.3264,7.993233218871904,0.001,0.649,0.42,0.7371,31.2479,135.24722855512854,12.5,1301,False,True,False,False,False,0.08809999999999996,-0.16290000000000004,0.08709999999999996
report_traineps_4.0_caleps_4.0_calsize_2000_nomcov_0.65_target_0.9_beta_0.001_lsmooth_0.5_seed_1.json,0.35,0.9,1e-05,4.0,4.0,50,2000,48000,1,cuda,0.65,0.5,0.4012,0.6943,5.2648,0.1390640288591385,0.126,3.9932332188719033,0.5584716796875,0.323230504989624,0.661,22.7521,7.993233218871904,0.001,0.649,0.38,0.7114,27.5636,135.24722855512854,12.5,1301,False,True,False,False,False,0.06240000000000001,-0.1886,0.06140000000000001
report_traineps_4.0_caleps_4.0_calsize_2000_nomcov_0.75_target_0.4_beta_0.001_lsmooth_0.5_seed_0.json,0.25,0.4,1e-05,4.0,4.0,50,2000,48000,0,cuda,0.75,0.5,0.3963,0.7677,8.5662,0.20669031143188477,0.1188,3.9932332188719033,0.5584716796875,0.4477212727069855,0.7577,33.7746,7.993233218871904,0.001,0.749,0.54,0.8193,42.5781,135.24722855512854,12.5,1501,True,True,True,True,True,0.07030000000000003,0.4193,0.06930000000000003
report_traineps_4.0_caleps_4.0_calsize_2000_nomcov_0.75_target_0.4_beta_0.001_lsmooth_0.5_seed_1.json,0.25,0.4,1e-05,4.0,4.0,50,2000,48000,1,cuda,0.75,0.5,0.3984,0.7794,8.785,0.207416370511055,0.126,3.9932332188719033,0.5584716796875,0.4227738678455353,0.744,31.3427,7.993233218871904,0.001,0.749,0.52,0.8127,40.4012,135.24722855512854,12.5,1501,True,True,True,True,True,0.06369999999999998,0.41269999999999996,0.06269999999999998
report_traineps_4.0_caleps_4.0_calsize_2000_nomcov_0.75_target_0.5_beta_0.001_lsmooth_0.5_seed_0.json,0.25,0.5,1e-05,4.0,4.0,50,2000,48000,0,cuda,0.75,0.5,0.3974,0.7721,8.9247,0.2107001543045044,0.1188,3.9932332188719033,0.5584716796875,0.4477212727069855,0.7577,33.7746,7.993233218871904,0.001,0.749,0.54,0.8193,42.5781,135.24722855512854,12.5,1501,True,True,True,True,True,0.07030000000000003,0.31930000000000003,0.06930000000000003
report_traineps_4.0_caleps_4.0_calsize_2000_nomcov_0.75_target_0.5_beta_0.001_lsmooth_0.5_seed_1.json,0.25,0.5,1e-05,4.0,4.0,50,2000,48000,1,cuda,0.75,0.5,0.4017,0.7698,8.4768,0.20363888144493103,0.126,3.9932332188719033,0.5584716796875,0.4227738678455353,0.744,31.3427,7.993233218871904,0.001,0.749,0.52,0.8127,40.4012,135.24722855512854,12.5,1501,True,True,True,True,True,0.06369999999999998,0.3127,0.06269999999999998
report_traineps_4.0_caleps_4.0_calsize_2000_nomcov_0.75_target_0.6_beta_0.001_lsmooth_0.5_seed_0.json,0.25,0.6,1e-05,4.0,4.0,50,2000,48000,0,cuda,0.75,0.5,0.3946,0.7738,9.1748,0.21532191336154938,0.1188,3.9932332188719033,0.5584716796875,0.4477212727069855,0.7577,33.7746,7.993233218871904,0.001,0.749,0.54,0.8193,42.5781,135.24722855512854,12.5,1501,True,True,True,True,True,0.07030000000000003,0.21930000000000005,0.06930000000000003
report_traineps_4.0_caleps_4.0_calsize_2000_nomcov_0.75_target_0.6_beta_0.001_lsmooth_0.5_seed_1.json,0.25,0.6,1e-05,4.0,4.0,50,2000,48000,1,cuda,0.75,0.5,0.4045,0.7717,8.6423,0.2042335867881775,0.126,3.9932332188719033,0.5584716796875,0.4227738678455353,0.744,31.3427,7.993233218871904,0.001,0.749,0.52,0.8127,40.4012,135.24722855512854,12.5,1501,True,True,True,True,True,0.06369999999999998,0.2127,0.06269999999999998
report_traineps_4.0_caleps_4.0_calsize_2000_nomcov_0.75_target_0.7_beta_0.001_lsmooth_0.5_seed_0.json,0.25,0.7,1e-05,4.0,4.0,50,2000,48000,0,cuda,0.75,0.5,0.3905,0.7756,9.2547,0.2180236577987671,0.1188,3.9932332188719033,0.5584716796875,0.4477212727069855,0.7577,33.7746,7.993233218871904,0.001,0.749,0.54,0.8193,42.5781,135.24722855512854,12.5,1501,True,True,True,True,True,0.07030000000000003,0.11930000000000007,0.06930000000000003
report_traineps_4.0_caleps_4.0_calsize_2000_nomcov_0.75_target_0.7_beta_0.001_lsmooth_0.5_seed_1.json,0.25,0.7,1e-05,4.0,4.0,50,2000,48000,1,cuda,0.75,0.5,0.3981,0.7734,8.8723,0.20894011855125427,0.126,3.9932332188719033,0.5584716796875,0.4227738678455353,0.744,31.3427,7.993233218871904,0.001,0.749,0.52,0.8127,40.4012,135.24722855512854,12.5,1501,True,True,True,True,True,0.06369999999999998,0.11270000000000002,0.06269999999999998
report_traineps_4.0_caleps_4.0_calsize_2000_nomcov_0.75_target_0.8_beta_0.001_lsmooth_0.5_seed_0.json,0.25,0.8,1e-05,4.0,4.0,50,2000,48000,0,cuda,0.75,0.5,0.395,0.7725,9.1069,0.21485431492328644,0.1188,3.9932332188719033,0.5584716796875,0.4477212727069855,0.7577,33.7746,7.993233218871904,0.001,0.749,0.54,0.8193,42.5781,135.24722855512854,12.5,1501,False,True,True,False,True,0.07030000000000003,0.019299999999999984,0.06930000000000003
report_traineps_4.0_caleps_4.0_calsize_2000_nomcov_0.75_target_0.8_beta_0.001_lsmooth_0.5_seed_1.json,0.25,0.8,1e-05,4.0,4.0,50,2000,48000,1,cuda,0.75,0.5,0.4053,0.7711,8.7318,0.20419111847877502,0.126,3.9932332188719033,0.5584716796875,0.4227738678455353,0.744,31.3427,7.993233218871904,0.001,0.749,0.52,0.8127,40.4012,135.24722855512854,12.5,1501,False,True,True,False,True,0.06369999999999998,0.012699999999999934,0.06269999999999998
report_traineps_4.0_caleps_4.0_calsize_2000_nomcov_0.75_target_0.9_beta_0.001_lsmooth_0.5_seed_0.json,0.25,0.9,1e-05,4.0,4.0,50,2000,48000,0,cuda,0.75,0.5,0.3975,0.7721,8.6193,0.20616449415683746,0.1188,3.9932332188719033,0.5584716796875,0.4477212727069855,0.7577,33.7746,7.993233218871904,0.001,0.749,0.54,0.8193,42.5781,135.24722855512854,12.5,1501,False,True,False,False,False,0.07030000000000003,-0.0807,0.06930000000000003
report_traineps_4.0_caleps_4.0_calsize_2000_nomcov_0.75_target_0.9_beta_0.001_lsmooth_0.5_seed_1.json,0.25,0.9,1e-05,4.0,4.0,50,2000,48000,1,cuda,0.75,0.5,0.4024,0.7755,8.6085,0.2048148363828659,0.126,3.9932332188719033,0.5584716796875,0.4227738678455353,0.744,31.3427,7.993233218871904,0.001,0.749,0.52,0.8127,40.4012,135.24722855512854,12.5,1501,False,True,False,False,False,0.06369999999999998,-0.08730000000000004,0.06269999999999998
report_traineps_4.0_caleps_4.0_calsize_2000_nomcov_0.85_target_0.4_beta_0.001_lsmooth_0.5_seed_0.json,0.15000000000000002,0.4,1e-05,4.0,4.0,50,2000,48000,0,cuda,0.85,0.5,0.3886,0.8517,16.4429,0.3296414017677307,0.1188,3.9932332188719033,0.5584716796875,0.5966893434524536,0.8528,48.2936,7.993233218871904,0.001,0.849,0.76,0.9293,66.2532,135.24722855512854,12.5,1701,True,True,True,True,True,0.08030000000000004,0.5293,0.07930000000000004
report_traineps_4.0_caleps_4.0_calsize_2000_nomcov_0.85_target_0.4_beta_0.001_lsmooth_0.5_seed_1.json,0.15000000000000002,0.4,1e-05,4.0,4.0,50,2000,48000,1,cuda,0.85,0.5,0.3984,0.8675,18.1189,0.3441336452960968,0.126,3.9932332188719033,0.5584716796875,0.5676255822181702,0.8402,45.0908,7.993233218871904,0.001,0.849,0.74,0.9308,63.5907,135.24722855512854,12.5,1701,True,True,True,True,True,0.08179999999999998,0.5307999999999999,0.08079999999999998
report_traineps_4.0_caleps_4.0_calsize_2000_nomcov_0.85_target_0.5_beta_0.001_lsmooth_0.5_seed_0.json,0.15000000000000002,0.5,1e-05,4.0,4.0,50,2000,48000,0,cuda,0.85,0.5,0.3945,0.8536,17.1637,0.3374755382537842,0.1188,3.9932332188719033,0.5584716796875,0.5966893434524536,0.8528,48.2936,7.993233218871904,0.001,0.849,0.76,0.9293,66.2532,135.24722855512854,12.5,1701,True,True,True,True,True,0.08030000000000004,0.4293,0.07930000000000004
report_traineps_4.0_caleps_4.0_calsize_2000_nomcov_0.85_target_0.5_beta_0.001_lsmooth_0.5_seed_1.json,0.15000000000000002,0.5,1e-05,4.0,4.0,50,2000,48000,1,cuda,0.85,0.5,0.3999,0.8676,17.8471,0.34626519680023193,0.126,3.9932332188719033,0.5584716796875,0.5676255822181702,0.8402,45.0908,7.993233218871904,0.001,0.849,0.74,0.9308,63.5907,135.24722855512854,12.5,1701,True,True,True,True,True,0.08179999999999998,0.43079999999999996,0.08079999999999998
report_traineps_4.0_caleps_4.0_calsize_2000_nomcov_0.85_target_0.6_beta_0.001_lsmooth_0.5_seed_0.json,0.15000000000000002,0.6,1e-05,4.0,4.0,50,2000,48000,0,cuda,0.85,0.5,0.4038,0.8518,16.7977,0.3341440260410309,0.1188,3.9932332188719033,0.5584716796875,0.5966893434524536,0.8528,48.2936,7.993233218871904,0.001,0.849,0.76,0.9293,66.2532,135.24722855512854,12.5,1701,True,True,True,True,True,0.08030000000000004,0.32930000000000004,0.07930000000000004
report_traineps_4.0_caleps_4.0_calsize_2000_nomcov_0.85_target_0.6_beta_0.001_lsmooth_0.5_seed_1.json,0.15000000000000002,0.6,1e-05,4.0,4.0,50,2000,48000,1,cuda,0.85,0.5,0.3992,0.8632,17.6397,0.34126967191696167,0.126,3.9932332188719033,0.5584716796875,0.5676255822181702,0.8402,45.0908,7.993233218871904,0.001,0.849,0.74,0.9308,63.5907,135.24722855512854,12.5,1701,True,True,True,True,True,0.08179999999999998,0.3308,0.08079999999999998
report_traineps_4.0_caleps_4.0_calsize_2000_nomcov_0.85_target_0.7_beta_0.001_lsmooth_0.5_seed_0.json,0.15000000000000002,0.7,1e-05,4.0,4.0,50,2000,48000,0,cuda,0.85,0.5,0.3956,0.8581,17.0954,0.33318209648132324,0.1188,3.9932332188719033,0.5584716796875,0.5966893434524536,0.8528,48.2936,7.993233218871904,0.001,0.849,0.76,0.9293,66.2532,135.24722855512854,12.5,1701,True,True,True,True,True,0.08030000000000004,0.22930000000000006,0.07930000000000004
report_traineps_4.0_caleps_4.0_calsize_2000_nomcov_0.85_target_0.8_beta_0.001_lsmooth_0.5_seed_0.json,0.15000000000000002,0.8,1e-05,4.0,4.0,50,2000,48000,0,cuda,0.85,0.5,0.396,0.8591,17.6995,0.344440758228302,0.1188,3.9932332188719033,0.5584716796875,0.5966893434524536,0.8528,48.2936,7.993233218871904,0.001,0.849,0.76,0.9293,66.2532,135.24722855512854,12.5,1701,True,True,True,True,True,0.08030000000000004,0.12929999999999997,0.07930000000000004
report_traineps_4.0_caleps_4.0_calsize_2000_nomcov_0.85_target_0.9_beta_0.001_lsmooth_0.5_seed_0.json,0.15000000000000002,0.9,1e-05,4.0,4.0,50,2000,48000,0,cuda,0.85,0.5,0.3953,0.8604,17.7895,0.34855473041534424,0.1188,3.9932332188719033,0.5584716796875,0.5966893434524536,0.8528,48.2936,7.993233218871904,0.001,0.849,0.76,0.9293,66.2532,135.24722855512854,12.5,1701,False,True,True,False,True,0.08030000000000004,0.029299999999999993,0.07930000000000004
report_traineps_4.0_caleps_4.0_calsize_2000_nomcov_0.95_target_0.4_beta_0.001_lsmooth_0.5_seed_0.json,0.050000000000000044,0.4,1e-05,4.0,4.0,50,2000,48000,0,cuda,0.95,0.5,0.3975,0.957,48.2475,0.667177140712738,0.1188,3.9932332188719033,0.5584716796875,0.8215276598930359,0.9527,73.7392,7.993233218871904,0.001,0.949,1.0,1.0,100.0,135.24722855512854,12.5,1901,True,True,True,True,True,0.051000000000000045,0.6,0.050000000000000044
report_traineps_4.0_caleps_4.0_calsize_2000_nomcov_0.95_target_0.5_beta_0.001_lsmooth_0.5_seed_0.json,0.050000000000000044,0.5,1e-05,4.0,4.0,50,2000,48000,0,cuda,0.95,0.5,0.396,0.9539,48.1371,0.6650616526603699,0.1188,3.9932332188719033,0.5584716796875,0.8215276598930359,0.9527,73.7392,7.993233218871904,0.001,0.949,1.0,1.0,100.0,135.24722855512854,12.5,1901,True,True,True,True,True,0.051000000000000045,0.5,0.050000000000000044
report_traineps_4.0_caleps_4.0_calsize_2000_nomcov_0.95_target_0.6_beta_0.001_lsmooth_0.5_seed_0.json,0.050000000000000044,0.6,1e-05,4.0,4.0,50,2000,48000,0,cuda,0.95,0.5,0.3974,0.9565,48.359,0.6656898856163025,0.1188,3.9932332188719033,0.5584716796875,0.8215276598930359,0.9527,73.7392,7.993233218871904,0.001,0.949,1.0,1.0,100.0,135.24722855512854,12.5,1901,True,True,True,True,True,0.051000000000000045,0.4,0.050000000000000044
report_traineps_4.0_caleps_4.0_calsize_2000_nomcov_0.95_target_0.7_beta_0.001_lsmooth_0.5_seed_0.json,0.050000000000000044,0.7,1e-05,4.0,4.0,50,2000,48000,0,cuda,0.95,0.5,0.3889,0.951,45.6019,0.6462000608444214,0.1188,3.9932332188719033,0.5584716796875,0.8215276598930359,0.9527,73.7392,7.993233218871904,0.001,0.949,1.0,1.0,100.0,135.24722855512854,12.5,1901,True,True,True,True,True,0.051000000000000045,0.30000000000000004,0.050000000000000044
report_traineps_4.0_caleps_4.0_calsize_2000_nomcov_0.95_target_0.8_beta_0.001_lsmooth_0.5_seed_0.json,0.050000000000000044,0.8,1e-05,4.0,4.0,50,2000,48000,0,cuda,0.95,0.5,0.3949,0.9591,48.1229,0.6651948094367981,0.1188,3.9932332188719033,0.5584716796875,0.8215276598930359,0.9527,73.7392,7.993233218871904,0.001,0.949,1.0,1.0,100.0,135.24722855512854,12.5,1901,True,True,True,True,True,0.051000000000000045,0.19999999999999996,0.050000000000000044
report_traineps_4.0_caleps_4.0_calsize_2000_nomcov_0.95_target_0.9_beta_0.001_lsmooth_0.5_seed_0.json,0.050000000000000044,0.9,1e-05,4.0,4.0,50,2000,48000,0,cuda,0.95,0.5,0.391,0.9569,47.684,0.6618861556053162,0.1188,3.9932332188719033,0.5584716796875,0.8215276598930359,0.9527,73.7392,7.993233218871904,0.001,0.949,1.0,1.0,100.0,135.24722855512854,12.5,1901,True,True,True,True,True,0.051000000000000045,0.09999999999999998,0.050000000000000044
