file,alpha,coverage_target,delta,epsilon_train_target,epsilon_cal,num_bins,cal_size,train_size,seed,device,nominal_coverage,label_smoothing,np_accuracy,np_coverage,np_avg_set_size,np_tau,dp_accuracy,epsilon_train_realized,noise_multiplier,tau_nonprivate_cal,test_coverage_nonprivate_cal,dp_avg_set_size_nonprivate_cal,epsilon_total_basic_composition,beta,coverage_lower_bound_formal,tau_dp_cal,test_coverage_dp_cal,avg_set_size_dp_cal,lambda,noise_scale,k,coverage_bound_formal_ok,privacy_training_ok,coverage_empirical_ok,overall_formal_ok,overall_empirical_ok,tau_q_k,tau_q_kplus2lambda,certificate_width_tau,observed_inflation_tau_grid,observed_inflation_tau_exact,theorem_tau_ok,theorem_idx_ok,q_k_index,q_kplus2lambda_index,crossing_index_dp,empirical_margin_to_bound,empirical_margin_to_target,empirical_margin_to_nominal,inflation_to_certificate_ratio
report_traineps_4.0_caleps_2.0_calsize_1000_nomcov_0.55_target_0.8_beta_0.001_lsmooth_0.5_seed_0.json,0.44999999999999996,0.8,1e-05,4.0,2.0,50,1000,49000,0,cuda,0.55,0.5,0.7241,0.8747,1.9109,0.28335344791412354,0.4815,3.991399689840786,0.5572509765625,0.3085463345050812,0.7583,2.5506,5.991399689840787,0.001,0.549,0.54,0.9028,4.6465,270.4944571102571,25.0,551,False,True,True,False,True,0.3199999928474426,1.0,0.68,0.22,0.2315,True,True,15,49,26,0.3538,0.1028,0.3528,0.32352941176470584
report_traineps_4.0_caleps_2.0_calsize_1000_nomcov_0.55_target_0.8_beta_0.001_lsmooth_0.5_seed_1.json,0.44999999999999996,0.8,1e-05,4.0,2.0,50,1000,49000,1,cuda,0.55,0.5,0.7271,0.8673,1.8693,0.27350497245788574,0.481,3.991399689840786,0.5572509765625,0.3057022988796234,0.7527,2.4893,5.991399689840787,0.001,0.549,0.52,0.8882,4.4011,270.4944571102571,25.0,551,False,True,True,False,True,0.3199999928474426,1.0,0.68,0.2,0.2143,True,True,15,49,25,0.33919999999999995,0.08819999999999995,0.33819999999999995,0.29411764705882354
report_traineps_4.0_caleps_2.0_calsize_1000_nomcov_0.55_target_0.8_beta_0.001_lsmooth_0.5_seed_2.json,0.44999999999999996,0.8,1e-05,4.0,2.0,50,1000,49000,2,cuda,0.55,0.5,0.7235,0.873,1.8972,0.28050386905670166,0.4768,3.991399689840786,0.5572509765625,0.3017149567604065,0.7496,2.4811,5.991399689840787,0.001,0.549,0.52,0.8889,4.4399,270.4944571102571,25.0,551,False,True,True,False,True,0.3199999928474426,1.0,0.68,0.2,0.2183,True,True,15,49,25,0.3399,0.08889999999999998,0.3389,0.29411764705882354
report_traineps_4.0_caleps_2.0_calsize_1000_nomcov_0.65_target_0.8_beta_0.001_lsmooth_0.5_seed_0.json,0.35,0.8,1e-05,4.0,2.0,50,1000,49000,0,cuda,0.65,0.5,0.7227,0.8869,2.0843,0.30199751257896423,0.4815,3.991399689840786,0.5572509765625,0.380621075630188,0.8085,3.0789,5.991399689840787,0.001,0.649,0.64,0.9362,5.7129,270.4944571102571,25.0,651,False,True,True,False,True,0.4000000059604645,1.0,0.6,0.24,0.2594,True,True,19,49,31,0.2872,0.1362,0.2862,0.4
report_traineps_4.0_caleps_2.0_calsize_1000_nomcov_0.65_target_0.8_beta_0.001_lsmooth_0.5_seed_1.json,0.35,0.8,1e-05,4.0,2.0,50,1000,49000,1,cuda,0.65,0.5,0.7346,0.8892,2.0752,0.3024236261844635,0.481,3.991399689840786,0.5572509765625,0.35893502831459045,0.7863,2.8691,5.991399689840787,0.001,0.649,0.64,0.9338,5.6784,270.4944571102571,25.0,651,False,True,True,False,True,0.36000001430511475,1.0,0.64,0.28,0.2811,True,True,17,49,31,0.28479999999999994,0.13379999999999992,0.28379999999999994,0.43750000000000006
report_traineps_4.0_caleps_2.0_calsize_1000_nomcov_0.65_target_0.8_beta_0.001_lsmooth_0.5_seed_2.json,0.35,0.8,1e-05,4.0,2.0,50,1000,49000,2,cuda,0.65,0.5,0.7238,0.8904,2.095,0.3051084280014038,0.4768,3.991399689840786,0.5572509765625,0.3742470443248749,0.7999,3.0264,5.991399689840787,0.001,0.649,0.68,0.9419,6.0973,270.4944571102571,25.0,651,False,True,True,False,True,0.3799999952316284,1.0,0.62,0.3,0.3058,True,True,18,49,33,0.29289999999999994,0.14189999999999992,0.29189999999999994,0.48387096774193544
report_traineps_4.0_caleps_2.0_calsize_1000_nomcov_0.75_target_0.8_beta_0.001_lsmooth_0.5_seed_0.json,0.25,0.8,1e-05,4.0,2.0,50,1000,49000,0,cuda,0.75,0.5,0.7136,0.9049,2.5029,0.351308673620224,0.4815,3.991399689840786,0.5572509765625,0.47377151250839233,0.8657,3.9443,5.991399689840787,0.001,0.749,1.0,1.0,10.0,270.4944571102571,25.0,751,False,True,True,False,True,0.47999998927116394,1.0,0.52,0.52,0.5262,True,True,23,49,49,0.251,0.19999999999999996,0.25,1.0
report_traineps_4.0_caleps_2.0_calsize_1000_nomcov_0.75_target_0.8_beta_0.001_lsmooth_0.5_seed_1.json,0.25,0.8,1e-05,4.0,2.0,50,1000,49000,1,cuda,0.75,0.5,0.7369,0.9047,2.3338,0.33259761333465576,0.481,3.991399689840786,0.5572509765625,0.4471294581890106,0.8503,3.6826,5.991399689840787,0.001,0.749,0.82,0.9777,7.862,270.4944571102571,25.0,751,False,True,True,False,True,0.46000000834465027,1.0,0.54,0.36,0.3729,True,True,22,49,40,0.22870000000000001,0.17769999999999997,0.2277,0.6666666666666666
report_traineps_4.0_caleps_2.0_calsize_1000_nomcov_0.75_target_0.8_beta_0.001_lsmooth_0.5_seed_2.json,0.25,0.8,1e-05,4.0,2.0,50,1000,49000,2,cuda,0.75,0.5,0.7238,0.9065,2.4058,0.3368079960346222,0.4768,3.991399689840786,0.5572509765625,0.4471263587474823,0.8475,3.7201,5.991399689840787,0.001,0.749,1.0,1.0,10.0,270.4944571102571,25.0,751,False,True,True,False,True,0.46000000834465027,1.0,0.54,0.54,0.5529,True,True,22,49,49,0.251,0.19999999999999996,0.25,1.0
report_traineps_4.0_caleps_2.0_calsize_1000_nomcov_0.85_target_0.8_beta_0.001_lsmooth_0.5_seed_0.json,0.15000000000000002,0.8,1e-05,4.0,2.0,50,1000,49000,0,cuda,0.85,0.5,0.722,0.93,2.9479,0.40276768803596497,0.4815,3.991399689840786,0.5572509765625,0.6067318916320801,0.9277,5.3187,5.991399689840787,0.001,0.849,1.0,1.0,10.0,270.4944571102571,25.0,851,True,True,True,True,True,0.6200000047683716,1.0,0.38,0.38,0.3933,True,True,30,49,49,0.15100000000000002,0.19999999999999996,0.15000000000000002,1.0
report_traineps_4.0_caleps_2.0_calsize_1000_nomcov_0.85_target_0.8_beta_0.001_lsmooth_0.5_seed_1.json,0.15000000000000002,0.8,1e-05,4.0,2.0,50,1000,49000,1,cuda,0.85,0.5,0.7342,0.9204,2.819,0.3859018087387085,0.481,3.991399689840786,0.5572509765625,0.5531264543533325,0.9018,4.7259,5.991399689840787,0.001,0.849,1.0,1.0,10.0,270.4944571102571,25.0,851,True,True,True,True,True,0.5600000023841858,1.0,0.44,0.44,0.4469,True,True,27,49,49,0.15100000000000002,0.19999999999999996,0.15000000000000002,1.0
report_traineps_4.0_caleps_2.0_calsize_1000_nomcov_0.85_target_0.8_beta_0.001_lsmooth_0.5_seed_2.json,0.15000000000000002,0.8,1e-05,4.0,2.0,50,1000,49000,2,cuda,0.85,0.5,0.7263,0.9252,2.8365,0.3900124132633209,0.4768,3.991399689840786,0.5572509765625,0.5421780347824097,0.8979,4.6677,5.991399689840787,0.001,0.849,1.0,1.0,10.0,270.4944571102571,25.0,851,True,True,True,True,True,0.5600000023841858,1.0,0.44,0.44,0.4578,True,True,27,49,49,0.15100000000000002,0.19999999999999996,0.15000000000000002,1.0
report_traineps_4.0_caleps_2.0_calsize_2000_nomcov_0.55_target_0.8_beta_0.001_lsmooth_0.5_seed_0.json,0.44999999999999996,0.8,1e-05,4.0,2.0,50,2000,48000,0,cuda,0.55,0.5,0.7329,0.8666,1.8602,0.2691380977630615,0.4822,3.9932332188719033,0.5584716796875,0.30499720573425293,0.7559,2.5025,5.993233218871904,0.001,0.549,0.42,0.84,3.4746,270.4944571102571,25.0,1101,False,True,True,False,True,0.3199999928474426,0.5400000214576721,0.22,0.1,0.115,True,True,15,26,20,0.2909999999999999,0.039999999999999925,0.2899999999999999,0.4545454545454546
report_traineps_4.0_caleps_2.0_calsize_2000_nomcov_0.55_target_0.8_beta_0.001_lsmooth_0.5_seed_1.json,0.44999999999999996,0.8,1e-05,4.0,2.0,50,2000,48000,1,cuda,0.55,0.5,0.7275,0.865,1.8492,0.2638503909111023,0.4845,3.9932332188719033,0.5584716796875,0.2998277544975281,0.7427,2.4511,5.993233218871904,0.001,0.549,0.38,0.8026,3.06,270.4944571102571,25.0,1101,False,True,True,False,True,0.30000001192092896,0.5,0.2,0.08,0.0802,True,True,14,24,18,0.25359999999999994,0.0025999999999999357,0.25259999999999994,0.39999999999999997
report_traineps_4.0_caleps_2.0_calsize_2000_nomcov_0.55_target_0.8_beta_0.001_lsmooth_0.5_seed_2.json,0.44999999999999996,0.8,1e-05,4.0,2.0,50,2000,48000,2,cuda,0.55,0.5,0.7322,0.8727,1.8359,0.2675286531448364,0.4783,3.9932332188719033,0.5584716796875,0.2926670014858246,0.7414,2.3968,5.993233218871904,0.001,0.549,0.4,0.8255,3.2779,270.4944571102571,25.0,1101,False,True,True,False,True,0.30000001192092896,0.5199999809265137,0.22,0.1,0.1073,True,True,14,25,19,0.27649999999999997,0.025499999999999967,0.27549999999999997,0.4545454545454546
report_traineps_4.0_caleps_2.0_calsize_2000_nomcov_0.65_target_0.8_beta_0.001_lsmooth_0.5_seed_0.json,0.35,0.8,1e-05,4.0,2.0,50,2000,48000,0,cuda,0.65,0.5,0.7226,0.8829,2.0911,0.2980707883834839,0.4822,3.9932332188719033,0.5584716796875,0.37350621819496155,0.8031,3.0023,5.993233218871904,0.001,0.649,0.48,0.8664,3.9814,270.4944571102571,25.0,1301,False,True,True,False,True,0.3799999952316284,0.7200000286102295,0.34,0.1,0.1065,True,True,18,35,23,0.21739999999999993,0.0663999999999999,0.21639999999999993,0.29411764705882354
report_traineps_4.0_caleps_2.0_calsize_2000_nomcov_0.65_target_0.8_beta_0.001_lsmooth_0.5_seed_1.json,0.35,0.8,1e-05,4.0,2.0,50,2000,48000,1,cuda,0.65,0.5,0.7315,0.8887,2.0852,0.2992841601371765,0.4845,3.9932332188719033,0.5584716796875,0.3583650588989258,0.785,2.8755,5.993233218871904,0.001,0.649,0.48,0.8628,3.9686,270.4944571102571,25.0,1301,False,True,True,False,True,0.36000001430511475,0.699999988079071,0.34,0.12,0.1216,True,True,17,34,23,0.2138,0.06279999999999997,0.2128,0.3529411764705882
report_traineps_4.0_caleps_2.0_calsize_2000_nomcov_0.65_target_0.8_beta_0.001_lsmooth_0.5_seed_2.json,0.35,0.8,1e-05,4.0,2.0,50,2000,48000,2,cuda,0.65,0.5,0.7317,0.8872,2.0539,0.29715532064437866,0.4783,3.9932332188719033,0.5584716796875,0.35062694549560547,0.7861,2.84,5.993233218871904,0.001,0.649,0.48,0.8683,3.9938,270.4944571102571,25.0,1301,False,True,True,False,True,0.36000001430511475,0.699999988079071,0.34,0.12,0.1294,True,True,17,34,23,0.21929999999999994,0.06829999999999992,0.21829999999999994,0.3529411764705882
report_traineps_4.0_caleps_2.0_calsize_2000_nomcov_0.75_target_0.8_beta_0.001_lsmooth_0.5_seed_0.json,0.25,0.8,1e-05,4.0,2.0,50,2000,48000,0,cuda,0.75,0.5,0.7299,0.9048,2.4031,0.3377034068107605,0.4822,3.9932332188719033,0.5584716796875,0.45557454228401184,0.8561,3.7756,5.993233218871904,0.001,0.749,0.64,0.9364,5.7041,270.4944571102571,25.0,1501,False,True,True,False,True,0.46000000834465027,1.0,0.54,0.18,0.1844,True,True,22,49,31,0.1874,0.13639999999999997,0.1864,0.3333333333333333
report_traineps_4.0_caleps_2.0_calsize_2000_nomcov_0.75_target_0.8_beta_0.001_lsmooth_0.5_seed_1.json,0.25,0.8,1e-05,4.0,2.0,50,2000,48000,1,cuda,0.75,0.5,0.7278,0.8995,2.3696,0.3288627862930298,0.4845,3.9932332188719033,0.5584716796875,0.4265948235988617,0.8386,3.527,5.993233218871904,0.001,0.749,0.6,0.923,5.2088,270.4944571102571,25.0,1501,False,True,True,False,True,0.4399999976158142,1.0,0.56,0.16,0.1734,True,True,21,49,29,0.17400000000000004,0.123,0.17300000000000004,0.2857142857142857
report_traineps_4.0_caleps_2.0_calsize_2000_nomcov_0.75_target_0.8_beta_0.001_lsmooth_0.5_seed_2.json,0.25,0.8,1e-05,4.0,2.0,50,2000,48000,2,cuda,0.75,0.5,0.729,0.9017,2.3205,0.3265151381492615,0.4783,3.9932332188719033,0.5584716796875,0.4227134883403778,0.841,3.5124,5.993233218871904,0.001,0.749,0.66,0.9417,5.8788,270.4944571102571,25.0,1501,False,True,True,False,True,0.4399999976158142,1.0,0.56,0.22,0.2373,True,True,21,49,32,0.19269999999999998,0.14169999999999994,0.19169999999999998,0.39285714285714285
report_traineps_4.0_caleps_2.0_calsize_2000_nomcov_0.85_target_0.8_beta_0.001_lsmooth_0.5_seed_0.json,0.15000000000000002,0.8,1e-05,4.0,2.0,50,2000,48000,0,cuda,0.85,0.5,0.7332,0.9257,2.9256,0.3937789499759674,0.4822,3.9932332188719033,0.5584716796875,0.5742694735527039,0.9084,4.9321,5.993233218871904,0.001,0.849,0.94,0.9984,9.6157,270.4944571102571,25.0,1701,True,True,True,True,True,0.5799999833106995,1.0,0.42,0.36,0.3657,True,True,28,49,46,0.14939999999999998,0.1983999999999999,0.14839999999999998,0.8571428571428571
report_traineps_4.0_caleps_2.0_calsize_2000_nomcov_0.85_target_0.8_beta_0.001_lsmooth_0.5_seed_1.json,0.15000000000000002,0.8,1e-05,4.0,2.0,50,2000,48000,1,cuda,0.85,0.5,0.7259,0.9148,2.8678,0.38714855909347534,0.4845,3.9932332188719033,0.5584716796875,0.5309264659881592,0.8932,4.5277,5.993233218871904,0.001,0.849,0.82,0.979,7.8624,270.4944571102571,25.0,1701,True,True,True,True,True,0.5400000214576721,1.0,0.46,0.28,0.2891,True,True,26,49,40,0.13,0.17899999999999994,0.129,0.6086956521739131
report_traineps_4.0_caleps_2.0_calsize_2000_nomcov_0.85_target_0.8_beta_0.001_lsmooth_0.5_seed_2.json,0.15000000000000002,0.8,1e-05,4.0,2.0,50,2000,48000,2,cuda,0.85,0.5,0.7307,0.9249,2.8247,0.3847718834877014,0.4783,3.9932332188719033,0.5584716796875,0.5477780103683472,0.9019,4.7082,5.993233218871904,0.001,0.849,0.92,0.9932,9.0142,270.4944571102571,25.0,1701,True,True,True,True,True,0.5600000023841858,1.0,0.44,0.36,0.3722,True,True,27,49,45,0.1442,0.19319999999999993,0.1432,0.8181818181818181
report_traineps_4.0_caleps_2.0_calsize_4000_nomcov_0.55_target_0.8_beta_0.001_lsmooth_0.5_seed_0.json,0.44999999999999996,0.8,1e-05,4.0,2.0,50,4000,46000,0,cuda,0.55,0.5,0.7254,0.8688,1.8493,0.2632414996623993,0.4748,3.995359909254509,0.5609130859375,0.298633337020874,0.7451,2.4665,5.995359909254509,0.001,0.549,0.34,0.7784,2.7943,270.4944571102571,25.0,2201,False,True,False,False,False,0.30000001192092896,0.4000000059604645,0.1,0.04,0.0414,True,True,14,19,16,0.22939999999999994,-0.021600000000000064,0.22839999999999994,0.39999999999999997
report_traineps_4.0_caleps_2.0_calsize_4000_nomcov_0.55_target_0.8_beta_0.001_lsmooth_0.5_seed_1.json,0.44999999999999996,0.8,1e-05,4.0,2.0,50,4000,46000,1,cuda,0.55,0.5,0.7294,0.8751,1.8624,0.27465081214904785,0.4769,3.995359909254509,0.5609130859375,0.297548770904541,0.7456,2.4569,5.995359909254509,0.001,0.549,0.34,0.778,2.7834,270.4944571102571,25.0,2201,False,True,False,False,False,0.30000001192092896,0.4000000059604645,0.1,0.04,0.0425,True,True,14,19,16,0.22899999999999998,-0.02200000000000002,0.22799999999999998,0.39999999999999997
report_traineps_4.0_caleps_2.0_calsize_4000_nomcov_0.55_target_0.8_beta_0.001_lsmooth_0.5_seed_2.json,0.44999999999999996,0.8,1e-05,4.0,2.0,50,4000,46000,2,cuda,0.55,0.5,0.7278,0.8678,1.8743,0.27346664667129517,0.4761,3.995359909254509,0.5609130859375,0.2958352565765381,0.7441,2.4384,5.995359909254509,0.001,0.549,0.34,0.7812,2.7841,270.4944571102571,25.0,2201,False,True,False,False,False,0.30000001192092896,0.4000000059604645,0.1,0.04,0.0442,True,True,14,19,16,0.23219999999999996,-0.01880000000000004,0.23119999999999996,0.39999999999999997
report_traineps_4.0_caleps_2.0_calsize_4000_nomcov_0.65_target_0.8_beta_0.001_lsmooth_0.5_seed_0.json,0.35,0.8,1e-05,4.0,2.0,50,4000,46000,0,cuda,0.65,0.5,0.7253,0.8871,2.0627,0.2889360189437866,0.4748,3.995359909254509,0.5609130859375,0.36946389079093933,0.7949,2.9896,5.995359909254509,0.001,0.649,0.42,0.8407,3.4987,270.4944571102571,25.0,2601,False,True,True,False,True,0.3799999952316284,0.5,0.12,0.04,0.0505,True,True,18,24,20,0.19169999999999998,0.04069999999999996,0.19069999999999998,0.33333333333333337
report_traineps_4.0_caleps_2.0_calsize_4000_nomcov_0.65_target_0.8_beta_0.001_lsmooth_0.5_seed_1.json,0.35,0.8,1e-05,4.0,2.0,50,4000,46000,1,cuda,0.65,0.5,0.73,0.8889,2.0994,0.3078702390193939,0.4769,3.995359909254509,0.5609130859375,0.35480934381484985,0.787,2.8793,5.995359909254509,0.001,0.649,0.42,0.8382,3.5013,270.4944571102571,25.0,2601,False,True,True,False,True,0.36000001430511475,0.5,0.14,0.06,0.0652,True,True,17,24,20,0.18919999999999992,0.0381999999999999,0.18819999999999992,0.4285714285714285
report_traineps_4.0_caleps_2.0_calsize_4000_nomcov_0.65_target_0.8_beta_0.001_lsmooth_0.5_seed_2.json,0.35,0.8,1e-05,4.0,2.0,50,4000,46000,2,cuda,0.65,0.5,0.728,0.8847,2.0845,0.29986751079559326,0.4761,3.995359909254509,0.5609130859375,0.3574058711528778,0.7895,2.893,5.995359909254509,0.001,0.649,0.4,0.8214,3.2834,270.4944571102571,25.0,2601,False,True,True,False,True,0.36000001430511475,0.5,0.14,0.04,0.0426,True,True,17,24,19,0.1724,0.021399999999999975,0.1714,0.2857142857142857
report_traineps_4.0_caleps_2.0_calsize_4000_nomcov_0.75_target_0.8_beta_0.001_lsmooth_0.5_seed_0.json,0.25,0.8,1e-05,4.0,2.0,50,4000,46000,0,cuda,0.75,0.5,0.7233,0.9108,2.3844,0.3296097218990326,0.4748,3.995359909254509,0.5609130859375,0.45483994483947754,0.8575,3.7976,5.995359909254509,0.001,0.749,0.54,0.8997,4.6614,270.4944571102571,25.0,3001,False,True,True,False,True,0.46000000834465027,0.6399999856948853,0.18,0.08,0.0852,True,True,22,31,26,0.15070000000000006,0.09970000000000001,0.14970000000000006,0.4444444444444445
report_traineps_4.0_caleps_2.0_calsize_4000_nomcov_0.75_target_0.8_beta_0.001_lsmooth_0.5_seed_1.json,0.25,0.8,1e-05,4.0,2.0,50,4000,46000,1,cuda,0.75,0.5,0.7237,0.9047,2.3992,0.33911189436912537,0.4769,3.995359909254509,0.5609130859375,0.4390140175819397,0.8475,3.6705,5.995359909254509,0.001,0.749,0.52,0.8921,4.4522,270.4944571102571,25.0,3001,False,True,True,False,True,0.4399999976158142,0.6200000047683716,0.18,0.08,0.081,True,True,21,30,25,0.1431,0.09209999999999996,0.1421,0.4444444444444445
report_traineps_4.0_caleps_2.0_calsize_4000_nomcov_0.75_target_0.8_beta_0.001_lsmooth_0.5_seed_2.json,0.25,0.8,1e-05,4.0,2.0,50,4000,46000,2,cuda,0.75,0.5,0.7314,0.9021,2.3884,0.3342347741127014,0.4761,3.995359909254509,0.5609130859375,0.43578964471817017,0.8443,3.6339,5.995359909254509,0.001,0.749,0.52,0.8894,4.4338,270.4944571102571,25.0,3001,False,True,True,False,True,0.4399999976158142,0.6200000047683716,0.18,0.08,0.0842,True,True,21,30,25,0.14039999999999997,0.08939999999999992,0.13939999999999997,0.4444444444444445
report_traineps_4.0_caleps_2.0_calsize_4000_nomcov_0.85_target_0.8_beta_0.001_lsmooth_0.5_seed_0.json,0.15000000000000002,0.8,1e-05,4.0,2.0,50,4000,46000,0,cuda,0.85,0.5,0.7285,0.9295,2.8993,0.3867190480232239,0.4748,3.995359909254509,0.5609130859375,0.5784289836883545,0.9122,4.9954,5.995359909254509,0.001,0.849,0.74,0.9584,6.8712,270.4944571102571,25.0,3401,True,True,True,True,True,0.5799999833106995,0.9399999976158142,0.36,0.16,0.1616,True,True,28,46,36,0.10940000000000005,0.15839999999999999,0.10840000000000005,0.4444444444444445
report_traineps_4.0_caleps_2.0_calsize_4000_nomcov_0.85_target_0.8_beta_0.001_lsmooth_0.5_seed_1.json,0.15000000000000002,0.8,1e-05,4.0,2.0,50,4000,46000,1,cuda,0.85,0.5,0.728,0.9203,2.8931,0.40111231803894043,0.4769,3.995359909254509,0.5609130859375,0.5640759468078613,0.9089,4.8617,5.995359909254509,0.001,0.849,0.64,0.9386,5.7201,270.4944571102571,25.0,3401,True,True,True,True,True,0.5799999833106995,0.9399999976158142,0.36,0.06,0.0759,True,True,28,46,31,0.08960000000000001,0.13859999999999995,0.08860000000000001,0.16666666666666666
report_traineps_4.0_caleps_2.0_calsize_4000_nomcov_0.85_target_0.8_beta_0.001_lsmooth_0.5_seed_2.json,0.15000000000000002,0.8,1e-05,4.0,2.0,50,4000,46000,2,cuda,0.85,0.5,0.728,0.9273,2.9158,0.40047430992126465,0.4761,3.995359909254509,0.5609130859375,0.5524051189422607,0.902,4.7541,5.995359909254509,0.001,0.849,0.68,0.9441,6.0711,270.4944571102571,25.0,3401,True,True,True,True,True,0.5600000023841858,0.9399999976158142,0.38,0.12,0.1276,True,True,27,46,33,0.09510000000000007,0.1441,0.09410000000000007,0.3157894736842105
report_traineps_4.0_caleps_4.0_calsize_1000_nomcov_0.55_target_0.8_beta_0.001_lsmooth_0.5_seed_0.json,0.44999999999999996,0.8,1e-05,4.0,4.0,50,1000,49000,0,cuda,0.55,0.5,0.7183,0.8717,1.915,0.2789074778556824,0.4815,3.991399689840786,0.5572509765625,0.3085463345050812,0.7583,2.5506,7.991399689840787,0.001,0.549,0.42,0.8422,3.4916,135.24722855512854,12.5,551,False,True,True,False,True,0.3199999928474426,0.5799999833106995,0.26,0.1,0.1115,True,True,15,28,20,0.2931999999999999,0.042199999999999904,0.2921999999999999,0.38461538461538464
report_traineps_4.0_caleps_4.0_calsize_1000_nomcov_0.55_target_0.8_beta_0.001_lsmooth_0.5_seed_1.json,0.44999999999999996,0.8,1e-05,4.0,4.0,50,1000,49000,1,cuda,0.55,0.5,0.7361,0.8722,1.8416,0.2705904245376587,0.481,3.991399689840786,0.5572509765625,0.3057022988796234,0.7527,2.4893,7.991399689840787,0.001,0.549,0.38,0.8027,3.0492,135.24722855512854,12.5,551,False,True,True,False,True,0.3199999928474426,0.5199999809265137,0.2,0.06,0.0743,True,True,15,25,18,0.2536999999999999,0.0026999999999999247,0.2526999999999999,0.3
report_traineps_4.0_caleps_4.0_calsize_1000_nomcov_0.55_target_0.8_beta_0.001_lsmooth_0.5_seed_2.json,0.44999999999999996,0.8,1e-05,4.0,4.0,50,1000,49000,2,cuda,0.55,0.5,0.7255,0.8747,1.9021,0.2778359651565552,0.4768,3.991399689840786,0.5572509765625,0.3017149567604065,0.7496,2.4811,7.991399689840787,0.001,0.549,0.4,0.821,3.2827,135.24722855512854,12.5,551,False,True,True,False,True,0.3199999928474426,0.5199999809265137,0.2,0.08,0.0983,True,True,15,25,19,0.2719999999999999,0.020999999999999908,0.2709999999999999,0.39999999999999997
report_traineps_4.0_caleps_4.0_calsize_1000_nomcov_0.65_target_0.8_beta_0.001_lsmooth_0.5_seed_0.json,0.35,0.8,1e-05,4.0,4.0,50,1000,49000,0,cuda,0.65,0.5,0.7262,0.893,2.1429,0.31172314286231995,0.4815,3.991399689840786,0.5572509765625,0.380621075630188,0.8085,3.0789,7.991399689840787,0.001,0.649,0.52,0.8939,4.4346,135.24722855512854,12.5,651,False,True,True,False,True,0.4000000059604645,0.7799999713897705,0.38,0.12,0.1394,True,True,19,38,25,0.2449,0.09389999999999998,0.2439,0.3157894736842105
report_traineps_4.0_caleps_4.0_calsize_1000_nomcov_0.65_target_0.8_beta_0.001_lsmooth_0.5_seed_1.json,0.35,0.8,1e-05,4.0,4.0,50,1000,49000,1,cuda,0.65,0.5,0.7311,0.8876,2.077,0.30170029401779175,0.481,3.991399689840786,0.5572509765625,0.35893502831459045,0.7863,2.8691,7.991399689840787,0.001,0.649,0.5,0.8775,4.1752,135.24722855512854,12.5,651,False,True,True,False,True,0.36000001430511475,0.699999988079071,0.34,0.14,0.1411,True,True,17,34,24,0.22849999999999993,0.0774999999999999,0.22749999999999992,0.411764705882353
report_traineps_4.0_caleps_4.0_calsize_1000_nomcov_0.65_target_0.8_beta_0.001_lsmooth_0.5_seed_2.json,0.35,0.8,1e-05,4.0,4.0,50,1000,49000,2,cuda,0.65,0.5,0.7282,0.8923,2.075,0.304524302482605,0.4768,3.991399689840786,0.5572509765625,0.3742470443248749,0.7999,3.0264,7.991399689840787,0.001,0.649,0.48,0.864,3.9978,135.24722855512854,12.5,651,False,True,True,False,True,0.3799999952316284,0.699999988079071,0.32,0.1,0.1058,True,True,18,34,23,0.21499999999999997,0.06399999999999995,0.21399999999999997,0.3125
report_traineps_4.0_caleps_4.0_calsize_1000_nomcov_0.75_target_0.8_beta_0.001_lsmooth_0.5_seed_0.json,0.25,0.8,1e-05,4.0,4.0,50,1000,49000,0,cuda,0.75,0.5,0.723,0.9111,2.4657,0.34785956144332886,0.4815,3.991399689840786,0.5572509765625,0.47377151250839233,0.8657,3.9443,7.991399689840787,0.001,0.749,0.64,0.9362,5.7129,135.24722855512854,12.5,751,False,True,True,False,True,0.47999998927116394,1.0,0.52,0.16,0.1662,True,True,23,49,31,0.18720000000000003,0.1362,0.18620000000000003,0.3076923076923077
report_traineps_4.0_caleps_4.0_calsize_1000_nomcov_0.75_target_0.8_beta_0.001_lsmooth_0.5_seed_1.json,0.25,0.8,1e-05,4.0,4.0,50,1000,49000,1,cuda,0.75,0.5,0.7359,0.9024,2.3364,0.3295822739601135,0.481,3.991399689840786,0.5572509765625,0.4471294581890106,0.8503,3.6826,7.991399689840787,0.001,0.749,0.62,0.9286,5.4553,135.24722855512854,12.5,751,False,True,True,False,True,0.46000000834465027,1.0,0.54,0.16,0.1729,True,True,22,49,30,0.17959999999999998,0.12859999999999994,0.17859999999999998,0.2962962962962963
report_traineps_4.0_caleps_4.0_calsize_1000_nomcov_0.75_target_0.8_beta_0.001_lsmooth_0.5_seed_2.json,0.25,0.8,1e-05,4.0,4.0,50,1000,49000,2,cuda,0.75,0.5,0.7271,0.9067,2.34,0.3334292471408844,0.4768,3.991399689840786,0.5572509765625,0.4471263587474823,0.8475,3.7201,7.991399689840787,0.001,0.749,0.64,0.932,5.7184,135.24722855512854,12.5,751,False,True,True,False,True,0.46000000834465027,1.0,0.54,0.18,0.1929,True,True,22,49,31,0.18300000000000005,0.132,0.18200000000000005,0.3333333333333333
report_traineps_4.0_caleps_4.0_calsize_1000_nomcov_0.85_target_0.8_beta_0.001_lsmooth_0.5_seed_0.json,0.15000000000000002,0.8,1e-05,4.0,4.0,50,1000,49000,0,cuda,0.85,0.5,0.7169,0.9224,2.8744,0.39313653111457825,0.4815,3.991399689840786,0.5572509765625,0.6067318916320801,0.9277,5.3187,7.991399689840787,0.001,0.849,0.94,0.9988,9.6159,135.24722855512854,12.5,851,True,True,True,True,True,0.6200000047683716,1.0,0.38,0.32,0.3333,True,True,30,49,46,0.14980000000000004,0.19879999999999998,0.14880000000000004,0.8421052631578947
report_traineps_4.0_caleps_4.0_calsize_1000_nomcov_0.85_target_0.8_beta_0.001_lsmooth_0.5_seed_1.json,0.15000000000000002,0.8,1e-05,4.0,4.0,50,1000,49000,1,cuda,0.85,0.5,0.7336,0.9251,2.8467,0.3924972414970398,0.481,3.991399689840786,0.5572509765625,0.5531264543533325,0.9018,4.7259,7.991399689840787,0.001,0.849,0.82,0.9777,7.862,135.24722855512854,12.5,851,True,True,True,True,True,0.5600000023841858,1.0,0.44,0.26,0.2669,True,True,27,49,40,0.12870000000000004,0.17769999999999997,0.12770000000000004,0.5909090909090909
report_traineps_4.0_caleps_4.0_calsize_1000_nomcov_0.85_target_0.8_beta_0.001_lsmooth_0.5_seed_2.json,0.15000000000000002,0.8,1e-05,4.0,4.0,50,1000,49000,2,cuda,0.85,0.5,0.7243,0.924,2.8022,0.3843232989311218,0.4768,3.991399689840786,0.5572509765625,0.5421780347824097,0.8979,4.6677,7.991399689840787,0.001,0.849,0.92,0.993,9.0181,135.24722855512854,12.5,851,True,True,True,True,True,0.5600000023841858,1.0,0.44,0.36,0.3778,True,True,27,49,45,0.14400000000000002,0.19299999999999995,0.14300000000000002,0.8181818181818181
report_traineps_4.0_caleps_4.0_calsize_2000_nomcov_0.55_target_0.8_beta_0.001_lsmooth_0.5_seed_0.json,0.44999999999999996,0.8,1e-05,4.0,4.0,50,2000,48000,0,cuda,0.55,0.5,0.7308,0.8707,1.8742,0.27074310183525085,0.4822,3.9932332188719033,0.5584716796875,0.30499720573425293,0.7559,2.5025,7.993233218871904,0.001,0.549,0.36,0.7928,2.8917,135.24722855512854,12.5,1101,False,True,False,False,False,0.3199999928474426,0.4000000059604645,0.08,0.04,0.055,True,True,15,19,17,0.2437999999999999,-0.007200000000000095,0.2427999999999999,0.5
report_traineps_4.0_caleps_4.0_calsize_2000_nomcov_0.55_target_0.8_beta_0.001_lsmooth_0.5_seed_1.json,0.44999999999999996,0.8,1e-05,4.0,4.0,50,2000,48000,1,cuda,0.55,0.5,0.7275,0.8693,1.842,0.26866206526756287,0.4845,3.9932332188719033,0.5584716796875,0.2998277544975281,0.7427,2.4511,7.993233218871904,0.001,0.549,0.34,0.7745,2.7561,135.24722855512854,12.5,1101,False,True,False,False,False,0.30000001192092896,0.4000000059604645,0.1,0.04,0.0402,True,True,14,19,16,0.22549999999999992,-0.025500000000000078,0.22449999999999992,0.39999999999999997
report_traineps_4.0_caleps_4.0_calsize_2000_nomcov_0.55_target_0.8_beta_0.001_lsmooth_0.5_seed_2.json,0.44999999999999996,0.8,1e-05,4.0,4.0,50,2000,48000,2,cuda,0.55,0.5,0.7366,0.875,1.8621,0.27418282628059387,0.4783,3.9932332188719033,0.5584716796875,0.2926670014858246,0.7414,2.3968,7.993233218871904,0.001,0.549,0.34,0.7802,2.7736,135.24722855512854,12.5,1101,False,True,False,False,False,0.30000001192092896,0.3799999952316284,0.08,0.04,0.0473,True,True,14,18,16,0.23119999999999996,-0.01980000000000004,0.23019999999999996,0.5
report_traineps_4.0_caleps_4.0_calsize_2000_nomcov_0.65_target_0.8_beta_0.001_lsmooth_0.5_seed_0.json,0.35,0.8,1e-05,4.0,4.0,50,2000,48000,0,cuda,0.65,0.5,0.7294,0.8839,2.0571,0.29392918944358826,0.4822,3.9932332188719033,0.5584716796875,0.37350621819496155,0.8031,3.0023,7.993233218871904,0.001,0.649,0.42,0.84,3.4746,135.24722855512854,12.5,1301,False,True,True,False,True,0.3799999952316284,0.5,0.12,0.04,0.0465,True,True,18,24,20,0.19099999999999995,0.039999999999999925,0.18999999999999995,0.33333333333333337
report_traineps_4.0_caleps_4.0_calsize_2000_nomcov_0.65_target_0.8_beta_0.001_lsmooth_0.5_seed_1.json,0.35,0.8,1e-05,4.0,4.0,50,2000,48000,1,cuda,0.65,0.5,0.7296,0.8857,2.084,0.30045509338378906,0.4845,3.9932332188719033,0.5584716796875,0.3583650588989258,0.785,2.8755,7.993233218871904,0.001,0.649,0.42,0.8345,3.4675,135.24722855512854,12.5,1301,False,True,True,False,True,0.36000001430511475,0.47999998927116394,0.12,0.06,0.0616,True,True,17,23,20,0.1855,0.034499999999999975,0.1845,0.5
report_traineps_4.0_caleps_4.0_calsize_2000_nomcov_0.65_target_0.8_beta_0.001_lsmooth_0.5_seed_2.json,0.35,0.8,1e-05,4.0,4.0,50,2000,48000,2,cuda,0.65,0.5,0.7276,0.8894,2.0564,0.2969783842563629,0.4783,3.9932332188719033,0.5584716796875,0.35062694549560547,0.7861,2.84,7.993233218871904,0.001,0.649,0.4,0.8255,3.2779,135.24722855512854,12.5,1301,False,True,True,False,True,0.36000001430511475,0.47999998927116394,0.12,0.04,0.0494,True,True,17,23,19,0.1765,0.025499999999999967,0.1755,0.33333333333333337
report_traineps_4.0_caleps_4.0_calsize_2000_nomcov_0.75_target_0.8_beta_0.001_lsmooth_0.5_seed_0.json,0.25,0.8,1e-05,4.0,4.0,50,2000,48000,0,cuda,0.75,0.5,0.7272,0.9021,2.3958,0.3316494822502136,0.4822,3.9932332188719033,0.5584716796875,0.45557454228401184,0.8561,3.7756,7.993233218871904,0.001,0.749,0.54,0.8983,4.631,135.24722855512854,12.5,1501,False,True,True,False,True,0.46000000834465027,0.6600000262260437,0.2,0.08,0.0844,True,True,22,32,26,0.1493,0.09829999999999994,0.1483,0.39999999999999997
report_traineps_4.0_caleps_4.0_calsize_2000_nomcov_0.75_target_0.8_beta_0.001_lsmooth_0.5_seed_1.json,0.25,0.8,1e-05,4.0,4.0,50,2000,48000,1,cuda,0.75,0.5,0.7248,0.9026,2.3739,0.33430784940719604,0.4845,3.9932332188719033,0.5584716796875,0.4265948235988617,0.8386,3.527,7.993233218871904,0.001,0.749,0.5,0.8756,4.1891,135.24722855512854,12.5,1501,False,True,True,False,True,0.4399999976158142,0.6000000238418579,0.16,0.06,0.0734,True,True,21,29,24,0.12660000000000005,0.0756,0.12560000000000004,0.375
report_traineps_4.0_caleps_4.0_calsize_2000_nomcov_0.75_target_0.8_beta_0.001_lsmooth_0.5_seed_2.json,0.25,0.8,1e-05,4.0,4.0,50,2000,48000,2,cuda,0.75,0.5,0.727,0.9041,2.3225,0.32729601860046387,0.4783,3.9932332188719033,0.5584716796875,0.4227134883403778,0.841,3.5124,7.993233218871904,0.001,0.749,0.52,0.8912,4.4304,135.24722855512854,12.5,1501,False,True,True,False,True,0.4399999976158142,0.6200000047683716,0.18,0.08,0.0973,True,True,21,30,25,0.1422,0.09119999999999995,0.1412,0.4444444444444445
report_traineps_4.0_caleps_4.0_calsize_2000_nomcov_0.85_target_0.8_beta_0.001_lsmooth_0.5_seed_0.json,0.15000000000000002,0.8,1e-05,4.0,4.0,50,2000,48000,0,cuda,0.85,0.5,0.7241,0.9239,2.9692,0.3988652229309082,0.4822,3.9932332188719033,0.5584716796875,0.5742694735527039,0.9084,4.9321,7.993233218871904,0.001,0.849,0.74,0.9609,6.8502,135.24722855512854,12.5,1701,True,True,True,True,True,0.5799999833106995,0.9599999785423279,0.38,0.16,0.1657,True,True,28,47,36,0.1119,0.16089999999999993,0.1109,0.42105263157894735
report_traineps_4.0_caleps_4.0_calsize_2000_nomcov_0.85_target_0.8_beta_0.001_lsmooth_0.5_seed_1.json,0.15000000000000002,0.8,1e-05,4.0,4.0,50,2000,48000,1,cuda,0.85,0.5,0.7284,0.9195,2.868,0.39250877499580383,0.4845,3.9932332188719033,0.5584716796875,0.5309264659881592,0.8932,4.5277,7.993233218871904,0.001,0.849,0.64,0.9352,5.6813,135.24722855512854,12.5,1701,True,True,True,True,True,0.5400000214576721,0.9399999976158142,0.4,0.1,0.1091,True,True,26,46,31,0.08620000000000005,0.1352,0.08520000000000005,0.25
report_traineps_4.0_caleps_4.0_calsize_2000_nomcov_0.85_target_0.8_beta_0.001_lsmooth_0.5_seed_2.json,0.15000000000000002,0.8,1e-05,4.0,4.0,50,2000,48000,2,cuda,0.85,0.5,0.7317,0.9236,2.8799,0.392640620470047,0.4783,3.9932332188719033,0.5584716796875,0.5477780103683472,0.9019,4.7082,7.993233218871904,0.001,0.849,0.7,0.9549,6.3523,135.24722855512854,12.5,1701,True,True,True,True,True,0.5600000023841858,0.9399999976158142,0.38,0.14,0.1522,True,True,27,46,34,0.1059,0.15489999999999993,0.1049,0.368421052631579
report_traineps_4.0_caleps_4.0_calsize_4000_nomcov_0.55_target_0.8_beta_0.001_lsmooth_0.5_seed_0.json,0.44999999999999996,0.8,1e-05,4.0,4.0,50,4000,46000,0,cuda,0.55,0.5,0.7276,0.8688,1.8597,0.26499390602111816,0.4748,3.995359909254509,0.5609130859375,0.298633337020874,0.7451,2.4665,7.995359909254509,0.001,0.549,0.32,0.7676,2.6589,135.24722855512854,12.5,2201,False,True,False,False,False,0.30000001192092896,0.3400000035762787,0.04,0.02,0.0214,True,True,14,16,15,0.2185999999999999,-0.032400000000000095,0.2175999999999999,0.5
report_traineps_4.0_caleps_4.0_calsize_4000_nomcov_0.55_target_0.8_beta_0.001_lsmooth_0.5_seed_1.json,0.44999999999999996,0.8,1e-05,4.0,4.0,50,4000,46000,1,cuda,0.55,0.5,0.7295,0.8736,1.8857,0.279178649187088,0.4769,3.995359909254509,0.5609130859375,0.297548770904541,0.7456,2.4569,7.995359909254509,0.001,0.549,0.32,0.7672,2.6529,135.24722855512854,12.5,2201,False,True,False,False,False,0.30000001192092896,0.3400000035762787,0.04,0.02,0.0225,True,True,14,16,15,0.21819999999999995,-0.03280000000000005,0.21719999999999995,0.5
report_traineps_4.0_caleps_4.0_calsize_4000_nomcov_0.55_target_0.8_beta_0.001_lsmooth_0.5_seed_2.json,0.44999999999999996,0.8,1e-05,4.0,4.0,50,4000,46000,2,cuda,0.55,0.5,0.7269,0.8685,1.8698,0.2741554379463196,0.4761,3.995359909254509,0.5609130859375,0.2958352565765381,0.7441,2.4384,7.995359909254509,0.001,0.549,0.32,0.7688,2.6517,135.24722855512854,12.5,2201,False,True,False,False,False,0.30000001192092896,0.3400000035762787,0.04,0.02,0.0242,True,True,14,16,15,0.2198,-0.031200000000000006,0.2188,0.5
report_traineps_4.0_caleps_4.0_calsize_4000_nomcov_0.65_target_0.8_beta_0.001_lsmooth_0.5_seed_0.json,0.35,0.8,1e-05,4.0,4.0,50,4000,46000,0,cuda,0.65,0.5,0.7297,0.8879,2.0634,0.29107293486595154,0.4748,3.995359909254509,0.5609130859375,0.36946389079093933,0.7949,2.9896,7.995359909254509,0.001,0.649,0.4,0.8233,3.2895,135.24722855512854,12.5,2601,False,True,True,False,True,0.3799999952316284,0.41999998688697815,0.04,0.02,0.0305,True,True,18,20,19,0.1743,0.023299999999999987,0.1733,0.5
report_traineps_4.0_caleps_4.0_calsize_4000_nomcov_0.65_target_0.8_beta_0.001_lsmooth_0.5_seed_1.json,0.35,0.8,1e-05,4.0,4.0,50,4000,46000,1,cuda,0.65,0.5,0.7331,0.8878,2.0966,0.3066779375076294,0.4769,3.995359909254509,0.5609130859375,0.35480934381484985,0.787,2.8793,7.995359909254509,0.001,0.649,0.38,0.8057,3.0864,135.24722855512854,12.5,2601,False,True,True,False,True,0.36000001430511475,0.41999998688697815,0.06,0.02,0.0252,True,True,17,20,18,0.15669999999999995,0.005699999999999927,0.15569999999999995,0.33333333333333337
report_traineps_4.0_caleps_4.0_calsize_4000_nomcov_0.65_target_0.8_beta_0.001_lsmooth_0.5_seed_2.json,0.35,0.8,1e-05,4.0,4.0,50,4000,46000,2,cuda,0.65,0.5,0.7314,0.8866,2.0792,0.2996388077735901,0.4761,3.995359909254509,0.5609130859375,0.3574058711528778,0.7895,2.893,7.995359909254509,0.001,0.649,0.4,0.8214,3.2834,135.24722855512854,12.5,2601,False,True,True,False,True,0.36000001430511475,0.41999998688697815,0.06,0.04,0.0426,True,True,17,20,19,0.1724,0.021399999999999975,0.1714,0.6666666666666667
report_traineps_4.0_caleps_4.0_calsize_4000_nomcov_0.75_target_0.8_beta_0.001_lsmooth_0.5_seed_0.json,0.25,0.8,1e-05,4.0,4.0,50,4000,46000,0,cuda,0.75,0.5,0.7277,0.9069,2.3396,0.32235097885131836,0.4748,3.995359909254509,0.5609130859375,0.45483994483947754,0.8575,3.7976,7.995359909254509,0.001,0.749,0.5,0.8809,4.2121,135.24722855512854,12.5,3001,False,True,True,False,True,0.46000000834465027,0.5400000214576721,0.08,0.04,0.0452,True,True,22,26,24,0.13190000000000002,0.08089999999999997,0.13090000000000002,0.5
report_traineps_4.0_caleps_4.0_calsize_4000_nomcov_0.75_target_0.8_beta_0.001_lsmooth_0.5_seed_1.json,0.25,0.8,1e-05,4.0,4.0,50,4000,46000,1,cuda,0.75,0.5,0.7279,0.9055,2.3889,0.34229108691215515,0.4769,3.995359909254509,0.5609130859375,0.4390140175819397,0.8475,3.6705,7.995359909254509,0.001,0.749,0.5,0.8794,4.2209,135.24722855512854,12.5,3001,False,True,True,False,True,0.4399999976158142,0.5199999809265137,0.08,0.06,0.061,True,True,21,25,24,0.13039999999999996,0.07939999999999992,0.12939999999999996,0.75
report_traineps_4.0_caleps_4.0_calsize_4000_nomcov_0.75_target_0.8_beta_0.001_lsmooth_0.5_seed_2.json,0.25,0.8,1e-05,4.0,4.0,50,4000,46000,2,cuda,0.75,0.5,0.7253,0.9041,2.3936,0.3379732668399811,0.4761,3.995359909254509,0.5609130859375,0.43578964471817017,0.8443,3.6339,7.995359909254509,0.001,0.749,0.48,0.8663,3.9933,135.24722855512854,12.5,3001,False,True,True,False,True,0.4399999976158142,0.5199999809265137,0.08,0.04,0.0442,True,True,21,25,23,0.11729999999999996,0.06629999999999991,0.11629999999999996,0.5
report_traineps_4.0_caleps_4.0_calsize_4000_nomcov_0.85_target_0.8_beta_0.001_lsmooth_0.5_seed_0.json,0.15000000000000002,0.8,1e-05,4.0,4.0,50,4000,46000,0,cuda,0.85,0.5,0.728,0.9269,2.8813,0.38631168007850647,0.4748,3.995359909254509,0.5609130859375,0.5784289836883545,0.9122,4.9954,7.995359909254509,0.001,0.849,0.64,0.935,5.7304,135.24722855512854,12.5,3401,True,True,True,True,True,0.5799999833106995,0.7200000286102295,0.14,0.06,0.0616,True,True,28,35,31,0.08600000000000008,0.135,0.08500000000000008,0.4285714285714285
report_traineps_4.0_caleps_4.0_calsize_4000_nomcov_0.85_target_0.8_beta_0.001_lsmooth_0.5_seed_1.json,0.15000000000000002,0.8,1e-05,4.0,4.0,50,4000,46000,1,cuda,0.85,0.5,0.7292,0.9211,2.853,0.39712145924568176,0.4769,3.995359909254509,0.5609130859375,0.5640759468078613,0.9089,4.8617,7.995359909254509,0.001,0.849,0.62,0.9329,5.5047,135.24722855512854,12.5,3401,True,True,True,True,True,0.5799999833106995,0.699999988079071,0.12,0.04,0.0559,True,True,28,34,30,0.08389999999999997,0.1328999999999999,0.08289999999999997,0.33333333333333337
report_traineps_4.0_caleps_4.0_calsize_4000_nomcov_0.85_target_0.8_beta_0.001_lsmooth_0.5_seed_2.json,0.15000000000000002,0.8,1e-05,4.0,4.0,50,4000,46000,2,cuda,0.85,0.5,0.7258,0.9226,2.9038,0.39531707763671875,0.4761,3.995359909254509,0.5609130859375,0.5524051189422607,0.902,4.7541,7.995359909254509,0.001,0.849,0.64,0.9355,5.7024,135.24722855512854,12.5,3401,True,True,True,True,True,0.5600000023841858,0.699999988079071,0.14,0.08,0.0876,True,True,27,34,31,0.08650000000000002,0.13549999999999995,0.08550000000000002,0.5714285714285714
report_traineps_4.0_caleps_8.0_calsize_1000_nomcov_0.55_target_0.8_beta_0.001_lsmooth_0.5_seed_0.json,0.44999999999999996,0.8,1e-05,4.0,8.0,50,1000,49000,0,cuda,0.55,0.5,0.719,0.8727,1.9186,0.27937209606170654,0.4815,3.991399689840786,0.5572509765625,0.3085463345050812,0.7583,2.5506,11.991399689840787,0.001,0.549,0.36,0.7914,2.9087,67.62361427756427,6.25,551,False,True,False,False,False,0.3199999928474426,0.41999998688697815,0.1,0.04,0.0515,True,True,15,20,17,0.24239999999999995,-0.008600000000000052,0.24139999999999995,0.39999999999999997
report_traineps_4.0_caleps_8.0_calsize_1000_nomcov_0.55_target_0.8_beta_0.001_lsmooth_0.5_seed_1.json,0.44999999999999996,0.8,1e-05,4.0,8.0,50,1000,49000,1,cuda,0.55,0.5,0.7309,0.8705,1.8717,0.27673375606536865,0.481,3.991399689840786,0.5572509765625,0.3057022988796234,0.7527,2.4893,11.991399689840787,0.001,0.549,0.34,0.7766,2.7404,67.62361427756427,6.25,551,False,True,False,False,False,0.3199999928474426,0.4000000059604645,0.08,0.02,0.0343,True,True,15,19,16,0.2275999999999999,-0.023400000000000087,0.2265999999999999,0.25
report_traineps_4.0_caleps_8.0_calsize_1000_nomcov_0.55_target_0.8_beta_0.001_lsmooth_0.5_seed_2.json,0.44999999999999996,0.8,1e-05,4.0,8.0,50,1000,49000,2,cuda,0.55,0.5,0.7211,0.8725,1.8924,0.28143712878227234,0.4768,3.991399689840786,0.5572509765625,0.3017149567604065,0.7496,2.4811,11.991399689840787,0.001,0.549,0.36,0.7893,2.9049,67.62361427756427,6.25,551,False,True,False,False,False,0.3199999928474426,0.4000000059604645,0.08,0.04,0.0583,True,True,15,19,17,0.24029999999999996,-0.010700000000000043,0.23929999999999996,0.5
report_traineps_4.0_caleps_8.0_calsize_1000_nomcov_0.65_target_0.8_beta_0.001_lsmooth_0.5_seed_0.json,0.35,0.8,1e-05,4.0,8.0,50,1000,49000,0,cuda,0.65,0.5,0.7268,0.8867,2.0814,0.30124858021736145,0.4815,3.991399689840786,0.5572509765625,0.380621075630188,0.8085,3.0789,11.991399689840787,0.001,0.649,0.44,0.8519,3.6724,67.62361427756427,6.25,651,False,True,True,False,True,0.4000000059604645,0.5199999809265137,0.12,0.04,0.0594,True,True,19,25,21,0.20289999999999997,0.051899999999999946,0.20189999999999997,0.33333333333333337
report_traineps_4.0_caleps_8.0_calsize_1000_nomcov_0.65_target_0.8_beta_0.001_lsmooth_0.5_seed_1.json,0.35,0.8,1e-05,4.0,8.0,50,1000,49000,1,cuda,0.65,0.5,0.7345,0.8836,2.041,0.29646846652030945,0.481,3.991399689840786,0.5572509765625,0.35893502831459045,0.7863,2.8691,11.991399689840787,0.001,0.649,0.42,0.8364,3.4533,67.62361427756427,6.25,651,False,True,True,False,True,0.36000001430511475,0.5,0.14,0.06,0.0611,True,True,17,24,20,0.1874,0.03639999999999999,0.1864,0.4285714285714285
report_traineps_4.0_caleps_8.0_calsize_1000_nomcov_0.65_target_0.8_beta_0.001_lsmooth_0.5_seed_2.json,0.35,0.8,1e-05,4.0,8.0,50,1000,49000,2,cuda,0.65,0.5,0.7227,0.8938,2.1338,0.30962374806404114,0.4768,3.991399689840786,0.5572509765625,0.3742470443248749,0.7999,3.0264,11.991399689840787,0.001,0.649,0.44,0.8444,3.6616,67.62361427756427,6.25,651,False,True,True,False,True,0.3799999952316284,0.47999998927116394,0.1,0.06,0.0658,True,True,18,23,21,0.19540000000000002,0.044399999999999995,0.19440000000000002,0.6
report_traineps_4.0_caleps_8.0_calsize_1000_nomcov_0.75_target_0.8_beta_0.001_lsmooth_0.5_seed_0.json,0.25,0.8,1e-05,4.0,8.0,50,1000,49000,0,cuda,0.75,0.5,0.712,0.9066,2.4038,0.3373357355594635,0.4815,3.991399689840786,0.5572509765625,0.47377151250839233,0.8657,3.9443,11.991399689840787,0.001,0.749,0.54,0.9028,4.6465,67.62361427756427,6.25,751,False,True,True,False,True,0.47999998927116394,0.6800000071525574,0.2,0.06,0.0662,True,True,23,33,26,0.15380000000000005,0.1028,0.15280000000000005,0.3
report_traineps_4.0_caleps_8.0_calsize_1000_nomcov_0.75_target_0.8_beta_0.001_lsmooth_0.5_seed_1.json,0.25,0.8,1e-05,4.0,8.0,50,1000,49000,1,cuda,0.75,0.5,0.7315,0.904,2.347,0.33260872960090637,0.481,3.991399689840786,0.5572509765625,0.4471294581890106,0.8503,3.6826,11.991399689840787,0.001,0.749,0.52,0.8882,4.4011,67.62361427756427,6.25,751,False,True,True,False,True,0.46000000834465027,0.6200000047683716,0.16,0.06,0.0729,True,True,22,30,25,0.1392,0.08819999999999995,0.1382,0.375
report_traineps_4.0_caleps_8.0_calsize_1000_nomcov_0.75_target_0.8_beta_0.001_lsmooth_0.5_seed_2.json,0.25,0.8,1e-05,4.0,8.0,50,1000,49000,2,cuda,0.75,0.5,0.7251,0.9065,2.3481,0.3361092805862427,0.4768,3.991399689840786,0.5572509765625,0.4471263587474823,0.8475,3.7201,11.991399689840787,0.001,0.749,0.52,0.8889,4.4399,67.62361427756427,6.25,751,False,True,True,False,True,0.46000000834465027,0.6000000238418579,0.14,0.06,0.0729,True,True,22,29,25,0.13990000000000002,0.08889999999999998,0.13890000000000002,0.4285714285714285
report_traineps_4.0_caleps_8.0_calsize_1000_nomcov_0.85_target_0.8_beta_0.001_lsmooth_0.5_seed_0.json,0.15000000000000002,0.8,1e-05,4.0,8.0,50,1000,49000,0,cuda,0.85,0.5,0.7179,0.9296,3.0366,0.41027355194091797,0.4815,3.991399689840786,0.5572509765625,0.6067318916320801,0.9277,5.3187,11.991399689840787,0.001,0.849,0.76,0.9644,7.0232,67.62361427756427,6.25,851,True,True,True,True,True,0.6200000047683716,0.9599999785423279,0.34,0.14,0.1533,True,True,30,47,37,0.11540000000000006,0.1644,0.11440000000000006,0.411764705882353
report_traineps_4.0_caleps_8.0_calsize_1000_nomcov_0.85_target_0.8_beta_0.001_lsmooth_0.5_seed_1.json,0.15000000000000002,0.8,1e-05,4.0,8.0,50,1000,49000,1,cuda,0.85,0.5,0.7303,0.921,2.7777,0.38188907504081726,0.481,3.991399689840786,0.5572509765625,0.5531264543533325,0.9018,4.7259,11.991399689840787,0.001,0.849,0.72,0.9561,6.6217,67.62361427756427,6.25,851,True,True,True,True,True,0.5600000023841858,0.9399999976158142,0.38,0.16,0.1669,True,True,27,46,35,0.10709999999999997,0.1560999999999999,0.10609999999999997,0.42105263157894735
report_traineps_4.0_caleps_8.0_calsize_1000_nomcov_0.85_target_0.8_beta_0.001_lsmooth_0.5_seed_2.json,0.15000000000000002,0.8,1e-05,4.0,8.0,50,1000,49000,2,cuda,0.85,0.5,0.7238,0.9266,2.8503,0.39497339725494385,0.4768,3.991399689840786,0.5572509765625,0.5421780347824097,0.8979,4.6677,11.991399689840787,0.001,0.849,0.68,0.9419,6.0973,67.62361427756427,6.25,851,True,True,True,True,True,0.5600000023841858,0.9399999976158142,0.38,0.12,0.1378,True,True,27,46,33,0.09289999999999998,0.14189999999999992,0.09189999999999998,0.3157894736842105
report_traineps_4.0_caleps_8.0_calsize_2000_nomcov_0.55_target_0.8_beta_0.001_lsmooth_0.5_seed_0.json,0.44999999999999996,0.8,1e-05,4.0,8.0,50,2000,48000,0,cuda,0.55,0.5,0.7314,0.8701,1.8903,0.27635204792022705,0.4822,3.9932332188719033,0.5584716796875,0.30499720573425293,0.7559,2.5025,11.993233218871904,0.001,0.549,0.34,0.7815,2.764,67.62361427756427,6.25,1101,False,True,False,False,False,0.3199999928474426,0.36000001430511475,0.04,0.02,0.035,True,True,15,17,16,0.23249999999999993,-0.018500000000000072,0.23149999999999993,0.5
report_traineps_4.0_caleps_8.0_calsize_2000_nomcov_0.55_target_0.8_beta_0.001_lsmooth_0.5_seed_1.json,0.44999999999999996,0.8,1e-05,4.0,8.0,50,2000,48000,1,cuda,0.55,0.5,0.7303,0.8671,1.852,0.27242279052734375,0.4845,3.9932332188719033,0.5584716796875,0.2998277544975281,0.7427,2.4511,11.993233218871904,0.001,0.549,0.32,0.7618,2.6218,67.62361427756427,6.25,1101,False,True,False,False,False,0.30000001192092896,0.3400000035762787,0.04,0.02,0.0202,True,True,14,16,15,0.2128,-0.03820000000000001,0.2118,0.5
report_traineps_4.0_caleps_8.0_calsize_2000_nomcov_0.55_target_0.8_beta_0.001_lsmooth_0.5_seed_2.json,0.44999999999999996,0.8,1e-05,4.0,8.0,50,2000,48000,2,cuda,0.55,0.5,0.7262,0.8668,1.8218,0.2648017108440399,0.4783,3.9932332188719033,0.5584716796875,0.2926670014858246,0.7414,2.3968,11.993233218871904,0.001,0.549,0.32,0.7676,2.6423,67.62361427756427,6.25,1101,False,True,False,False,False,0.30000001192092896,0.3400000035762787,0.04,0.02,0.0273,True,True,14,16,15,0.2185999999999999,-0.032400000000000095,0.2175999999999999,0.5
report_traineps_4.0_caleps_8.0_calsize_2000_nomcov_0.65_target_0.8_beta_0.001_lsmooth_0.5_seed_0.json,0.35,0.8,1e-05,4.0,8.0,50,2000,48000,0,cuda,0.65,0.5,0.7274,0.8873,2.1144,0.3020815849304199,0.4822,3.9932332188719033,0.5584716796875,0.37350621819496155,0.8031,3.0023,11.993233218871904,0.001,0.649,0.42,0.84,3.4746,67.62361427756427,6.25,1301,False,True,True,False,True,0.3799999952316284,0.4399999976158142,0.06,0.04,0.0465,True,True,18,21,20,0.19099999999999995,0.039999999999999925,0.18999999999999995,0.6666666666666667
report_traineps_4.0_caleps_8.0_calsize_2000_nomcov_0.65_target_0.8_beta_0.001_lsmooth_0.5_seed_1.json,0.35,0.8,1e-05,4.0,8.0,50,2000,48000,1,cuda,0.65,0.5,0.726,0.8837,2.0677,0.30073580145835876,0.4845,3.9932332188719033,0.5584716796875,0.3583650588989258,0.785,2.8755,11.993233218871904,0.001,0.649,0.38,0.8026,3.06,67.62361427756427,6.25,1301,False,True,True,False,True,0.36000001430511475,0.41999998688697815,0.06,0.02,0.0216,True,True,17,20,18,0.15359999999999996,0.0025999999999999357,0.15259999999999996,0.33333333333333337
report_traineps_4.0_caleps_8.0_calsize_2000_nomcov_0.65_target_0.8_beta_0.001_lsmooth_0.5_seed_2.json,0.35,0.8,1e-05,4.0,8.0,50,2000,48000,2,cuda,0.65,0.5,0.7293,0.8834,2.0114,0.2917962968349457,0.4783,3.9932332188719033,0.5584716796875,0.35062694549560547,0.7861,2.84,11.993233218871904,0.001,0.649,0.38,0.807,3.076,67.62361427756427,6.25,1301,False,True,True,False,True,0.36000001430511475,0.41999998688697815,0.06,0.02,0.0294,True,True,17,20,18,0.15800000000000003,0.007000000000000006,0.15700000000000003,0.33333333333333337
report_traineps_4.0_caleps_8.0_calsize_2000_nomcov_0.75_target_0.8_beta_0.001_lsmooth_0.5_seed_0.json,0.25,0.8,1e-05,4.0,8.0,50,2000,48000,0,cuda,0.75,0.5,0.7309,0.9031,2.399,0.33532893657684326,0.4822,3.9932332188719033,0.5584716796875,0.45557454228401184,0.8561,3.7756,11.993233218871904,0.001,0.749,0.5,0.8781,4.1891,67.62361427756427,6.25,1501,False,True,True,False,True,0.46000000834465027,0.5400000214576721,0.08,0.04,0.0444,True,True,22,26,24,0.1291,0.07809999999999995,0.1281,0.5
report_traineps_4.0_caleps_8.0_calsize_2000_nomcov_0.75_target_0.8_beta_0.001_lsmooth_0.5_seed_1.json,0.25,0.8,1e-05,4.0,8.0,50,2000,48000,1,cuda,0.75,0.5,0.7296,0.9032,2.4186,0.33956408500671387,0.4845,3.9932332188719033,0.5584716796875,0.4265948235988617,0.8386,3.527,11.993233218871904,0.001,0.749,0.48,0.8628,3.9686,67.62361427756427,6.25,1501,False,True,True,False,True,0.4399999976158142,0.5,0.06,0.04,0.0534,True,True,21,24,23,0.11380000000000001,0.06279999999999997,0.11280000000000001,0.6666666666666667
report_traineps_4.0_caleps_8.0_calsize_2000_nomcov_0.75_target_0.8_beta_0.001_lsmooth_0.5_seed_2.json,0.25,0.8,1e-05,4.0,8.0,50,2000,48000,2,cuda,0.75,0.5,0.7336,0.9033,2.3364,0.32824385166168213,0.4783,3.9932332188719033,0.5584716796875,0.4227134883403778,0.841,3.5124,11.993233218871904,0.001,0.749,0.46,0.8595,3.8195,67.62361427756427,6.25,1501,False,True,True,False,True,0.4399999976158142,0.5199999809265137,0.08,0.02,0.0373,True,True,21,25,22,0.11050000000000004,0.0595,0.10950000000000004,0.25
report_traineps_4.0_caleps_8.0_calsize_2000_nomcov_0.85_target_0.8_beta_0.001_lsmooth_0.5_seed_0.json,0.15000000000000002,0.8,1e-05,4.0,8.0,50,2000,48000,0,cuda,0.85,0.5,0.7298,0.9298,3.0113,0.4070528447628021,0.4822,3.9932332188719033,0.5584716796875,0.5742694735527039,0.9084,4.9321,11.993233218871904,0.001,0.849,0.64,0.9364,5.7041,67.62361427756427,6.25,1701,True,True,True,True,True,0.5799999833106995,0.7200000286102295,0.14,0.06,0.0657,True,True,28,35,31,0.08740000000000003,0.13639999999999997,0.08640000000000003,0.4285714285714285
report_traineps_4.0_caleps_8.0_calsize_2000_nomcov_0.85_target_0.8_beta_0.001_lsmooth_0.5_seed_1.json,0.15000000000000002,0.8,1e-05,4.0,8.0,50,2000,48000,1,cuda,0.85,0.5,0.7297,0.9182,2.8914,0.3892887830734253,0.4845,3.9932332188719033,0.5584716796875,0.5309264659881592,0.8932,4.5277,11.993233218871904,0.001,0.849,0.6,0.923,5.2088,67.62361427756427,6.25,1701,True,True,True,True,True,0.5400000214576721,0.6800000071525574,0.14,0.06,0.0691,True,True,26,33,29,0.07400000000000007,0.123,0.07300000000000006,0.4285714285714285
report_traineps_4.0_caleps_8.0_calsize_2000_nomcov_0.85_target_0.8_beta_0.001_lsmooth_0.5_seed_2.json,0.15000000000000002,0.8,1e-05,4.0,8.0,50,2000,48000,2,cuda,0.85,0.5,0.7317,0.9211,2.8569,0.3901871144771576,0.4783,3.9932332188719033,0.5584716796875,0.5477780103683472,0.9019,4.7082,11.993233218871904,0.001,0.849,0.64,0.9373,5.6991,67.62361427756427,6.25,1701,True,True,True,True,True,0.5600000023841858,0.699999988079071,0.14,0.08,0.0922,True,True,27,34,31,0.08830000000000005,0.13729999999999998,0.08730000000000004,0.5714285714285714
report_traineps_4.0_caleps_8.0_calsize_4000_nomcov_0.55_target_0.8_beta_0.001_lsmooth_0.5_seed_0.json,0.44999999999999996,0.8,1e-05,4.0,8.0,50,4000,46000,0,cuda,0.55,0.5,0.7255,0.8698,1.8547,0.2655872106552124,0.4748,3.995359909254509,0.5609130859375,0.298633337020874,0.7451,2.4665,11.995359909254509,0.001,0.549,0.32,0.7676,2.6589,67.62361427756427,6.25,2201,False,True,False,False,False,0.30000001192092896,0.3199999928474426,0.02,0.02,0.0214,True,True,14,15,15,0.2185999999999999,-0.032400000000000095,0.2175999999999999,1.0
report_traineps_4.0_caleps_8.0_calsize_4000_nomcov_0.55_target_0.8_beta_0.001_lsmooth_0.5_seed_1.json,0.44999999999999996,0.8,1e-05,4.0,8.0,50,4000,46000,1,cuda,0.55,0.5,0.7301,0.8764,1.8852,0.2805251181125641,0.4769,3.995359909254509,0.5609130859375,0.297548770904541,0.7456,2.4569,11.995359909254509,0.001,0.549,0.32,0.7672,2.6529,67.62361427756427,6.25,2201,False,True,False,False,False,0.30000001192092896,0.3199999928474426,0.02,0.02,0.0225,True,True,14,15,15,0.21819999999999995,-0.03280000000000005,0.21719999999999995,1.0
report_traineps_4.0_caleps_8.0_calsize_4000_nomcov_0.55_target_0.8_beta_0.001_lsmooth_0.5_seed_2.json,0.44999999999999996,0.8,1e-05,4.0,8.0,50,4000,46000,2,cuda,0.55,0.5,0.7316,0.8725,1.8764,0.2761545181274414,0.4761,3.995359909254509,0.5609130859375,0.2958352565765381,0.7441,2.4384,11.995359909254509,0.001,0.549,0.32,0.7688,2.6517,67.62361427756427,6.25,2201,False,True,False,False,False,0.30000001192092896,0.3199999928474426,0.02,0.02,0.0242,True,True,14,15,15,0.2198,-0.031200000000000006,0.2188,1.0
report_traineps_4.0_caleps_8.0_calsize_4000_nomcov_0.65_target_0.8_beta_0.001_lsmooth_0.5_seed_0.json,0.35,0.8,1e-05,4.0,8.0,50,4000,46000,0,cuda,0.65,0.5,0.7262,0.8871,2.0368,0.2876042425632477,0.4748,3.995359909254509,0.5609130859375,0.36946389079093933,0.7949,2.9896,11.995359909254509,0.001,0.649,0.4,0.8233,3.2895,67.62361427756427,6.25,2601,False,True,True,False,True,0.3799999952316284,0.4000000059604645,0.02,0.02,0.0305,True,True,18,19,19,0.1743,0.023299999999999987,0.1733,1.0
report_traineps_4.0_caleps_8.0_calsize_4000_nomcov_0.65_target_0.8_beta_0.001_lsmooth_0.5_seed_1.json,0.35,0.8,1e-05,4.0,8.0,50,4000,46000,1,cuda,0.65,0.5,0.7274,0.8862,2.0863,0.3020557165145874,0.4769,3.995359909254509,0.5609130859375,0.35480934381484985,0.787,2.8793,11.995359909254509,0.001,0.649,0.38,0.8057,3.0864,67.62361427756427,6.25,2601,False,True,True,False,True,0.36000001430511475,0.4000000059604645,0.04,0.02,0.0252,True,True,17,19,18,0.15669999999999995,0.005699999999999927,0.15569999999999995,0.5
report_traineps_4.0_caleps_8.0_calsize_4000_nomcov_0.65_target_0.8_beta_0.001_lsmooth_0.5_seed_2.json,0.35,0.8,1e-05,4.0,8.0,50,4000,46000,2,cuda,0.65,0.5,0.7269,0.8838,2.0837,0.30230939388275146,0.4761,3.995359909254509,0.5609130859375,0.3574058711528778,0.7895,2.893,11.995359909254509,0.001,0.649,0.38,0.8073,3.0763,67.62361427756427,6.25,2601,False,True,True,False,True,0.36000001430511475,0.4000000059604645,0.04,0.02,0.0226,True,True,17,19,18,0.1583,0.007299999999999973,0.1573,0.5
report_traineps_4.0_caleps_8.0_calsize_4000_nomcov_0.75_target_0.8_beta_0.001_lsmooth_0.5_seed_0.json,0.25,0.8,1e-05,4.0,8.0,50,4000,46000,0,cuda,0.75,0.5,0.7257,0.9086,2.3768,0.3307780623435974,0.4748,3.995359909254509,0.5609130859375,0.45483994483947754,0.8575,3.7976,11.995359909254509,0.001,0.749,0.48,0.8689,4.0046,67.62361427756427,6.25,3001,False,True,True,False,True,0.46000000834465027,0.5,0.04,0.02,0.0252,True,True,22,24,23,0.1199,0.06889999999999996,0.1189,0.5
report_traineps_4.0_caleps_8.0_calsize_4000_nomcov_0.75_target_0.8_beta_0.001_lsmooth_0.5_seed_1.json,0.25,0.8,1e-05,4.0,8.0,50,4000,46000,1,cuda,0.75,0.5,0.7308,0.9029,2.3661,0.3395835757255554,0.4769,3.995359909254509,0.5609130859375,0.4390140175819397,0.8475,3.6705,11.995359909254509,0.001,0.749,0.48,0.8651,4.0032,67.62361427756427,6.25,3001,False,True,True,False,True,0.4399999976158142,0.5,0.06,0.04,0.041,True,True,21,24,23,0.11609999999999998,0.06509999999999994,0.11509999999999998,0.6666666666666667
report_traineps_4.0_caleps_8.0_calsize_4000_nomcov_0.75_target_0.8_beta_0.001_lsmooth_0.5_seed_2.json,0.25,0.8,1e-05,4.0,8.0,50,4000,46000,2,cuda,0.75,0.5,0.7296,0.9045,2.361,0.3339453637599945,0.4761,3.995359909254509,0.5609130859375,0.43578964471817017,0.8443,3.6339,11.995359909254509,0.001,0.749,0.48,0.8663,3.9933,67.62361427756427,6.25,3001,False,True,True,False,True,0.4399999976158142,0.47999998927116394,0.04,0.04,0.0442,True,True,21,23,23,0.11729999999999996,0.06629999999999991,0.11629999999999996,1.0
report_traineps_4.0_caleps_8.0_calsize_4000_nomcov_0.85_target_0.8_beta_0.001_lsmooth_0.5_seed_0.json,0.15000000000000002,0.8,1e-05,4.0,8.0,50,4000,46000,0,cuda,0.85,0.5,0.73,0.9283,2.8873,0.3835304081439972,0.4748,3.995359909254509,0.5609130859375,0.5784289836883545,0.9122,4.9954,11.995359909254509,0.001,0.849,0.62,0.9293,5.493,67.62361427756427,6.25,3401,True,True,True,True,True,0.5799999833106995,0.6399999856948853,0.06,0.04,0.0416,True,True,28,31,30,0.08030000000000004,0.12929999999999997,0.07930000000000004,0.6666666666666667
report_traineps_4.0_caleps_8.0_calsize_4000_nomcov_0.85_target_0.8_beta_0.001_lsmooth_0.5_seed_1.json,0.15000000000000002,0.8,1e-05,4.0,8.0,50,4000,46000,1,cuda,0.85,0.5,0.7279,0.9222,2.8617,0.3957242965698242,0.4769,3.995359909254509,0.5609130859375,0.5640759468078613,0.9089,4.8617,11.995359909254509,0.001,0.849,0.6,0.9244,5.2467,67.62361427756427,6.25,3401,True,True,True,True,True,0.5799999833106995,0.6200000047683716,0.04,0.02,0.0359,True,True,28,30,29,0.07540000000000002,0.12439999999999996,0.07440000000000002,0.5
report_traineps_4.0_caleps_8.0_calsize_4000_nomcov_0.85_target_0.8_beta_0.001_lsmooth_0.5_seed_2.json,0.15000000000000002,0.8,1e-05,4.0,8.0,50,4000,46000,2,cuda,0.85,0.5,0.7295,0.9223,2.8586,0.39143553376197815,0.4761,3.995359909254509,0.5609130859375,0.5524051189422607,0.902,4.7541,11.995359909254509,0.001,0.849,0.6,0.9206,5.2185,67.62361427756427,6.25,3401,True,True,True,True,True,0.5600000023841858,0.6200000047683716,0.06,0.04,0.0476,True,True,27,30,29,0.0716,0.12059999999999993,0.0706,0.6666666666666667
